153.47,-58.805,2014,3,30,15
153.49,-58.813,2014,3,30,16
153.51,-58.82,2014,3,30,17
153.54,-58.823,2014,3,30,18
153.57,-58.826,2014,3,30,19
153.6,-58.828,2014,3,30,20
153.63,-58.827,2014,3,30,21
153.65,-58.824,2014,3,30,22
153.68,-58.818,2014,3,30,23
153.69,-58.814,2014,3,31,0
153.71,-58.811,2014,3,31,1
153.73,-58.809,2014,3,31,2
153.74,-58.808,2014,3,31,3
153.75,-58.809,2014,3,31,4
153.77,-58.812,2014,3,31,5
153.79,-58.815,2014,3,31,6
153.82,-58.815,2014,3,31,7
153.85,-58.813,2014,3,31,8
153.88,-58.809,2014,3,31,9
153.91,-58.802,2014,3,31,10
153.94,-58.794,2014,3,31,11
153.97,-58.785,2014,3,31,12
153.99,-58.777,2014,3,31,13
154,-58.769,2014,3,31,14
154.02,-58.762,2014,3,31,15
154.04,-58.757,2014,3,31,16
154.05,-58.752,2014,3,31,17
154.07,-58.749,2014,3,31,18
154.09,-58.745,2014,3,31,19
154.11,-58.742,2014,3,31,20
154.14,-58.739,2014,3,31,21
154.16,-58.734,2014,3,31,22
154.19,-58.729,2014,3,31,23
154.22,-58.723,2014,4,1,0
154.25,-58.715,2014,4,1,1
154.27,-58.705,2014,4,1,2
154.29,-58.694,2014,4,1,3
154.3,-58.683,2014,4,1,4
154.31,-58.675,2014,4,1,5
154.32,-58.669,2014,4,1,6
154.33,-58.667,2014,4,1,7
154.35,-58.665,2014,4,1,8
154.37,-58.661,2014,4,1,9
154.39,-58.657,2014,4,1,10
154.42,-58.652,2014,4,1,11
154.44,-58.648,2014,4,1,12
154.47,-58.643,2014,4,1,13
154.49,-58.635,2014,4,1,14
154.51,-58.627,2014,4,1,15
154.53,-58.62,2014,4,1,16
154.55,-58.614,2014,4,1,17
154.56,-58.607,2014,4,1,18
154.57,-58.602,2014,4,1,19
154.58,-58.601,2014,4,1,20
154.59,-58.601,2014,4,1,21
154.6,-58.603,2014,4,1,22
154.62,-58.605,2014,4,1,23
154.65,-58.606,2014,4,2,0
154.67,-58.605,2014,4,2,1
154.69,-58.604,2014,4,2,2
154.72,-58.601,2014,4,2,3
154.74,-58.597,2014,4,2,4
154.75,-58.595,2014,4,2,5
154.76,-58.593,2014,4,2,6
154.77,-58.593,2014,4,2,7
154.78,-58.595,2014,4,2,8
154.8,-58.597,2014,4,2,9
154.81,-58.598,2014,4,2,10
154.82,-58.601,2014,4,2,11
154.84,-58.605,2014,4,2,12
154.85,-58.608,2014,4,2,13
154.86,-58.612,2014,4,2,14
154.88,-58.617,2014,4,2,15
154.89,-58.621,2014,4,2,16
154.9,-58.625,2014,4,2,17
154.91,-58.628,2014,4,2,18
154.93,-58.631,2014,4,2,19
154.94,-58.635,2014,4,2,20
154.94,-58.639,2014,4,2,21
154.95,-58.644,2014,4,2,22
154.96,-58.649,2014,4,2,23
154.97,-58.655,2014,4,3,0
154.98,-58.662,2014,4,3,1
154.99,-58.669,2014,4,3,2
155,-58.677,2014,4,3,3
155.01,-58.684,2014,4,3,4
155.03,-58.69,2014,4,3,5
155.04,-58.694,2014,4,3,6
155.05,-58.698,2014,4,3,7
155.05,-58.703,2014,4,3,8
155.06,-58.709,2014,4,3,9
155.06,-58.716,2014,4,3,10
155.07,-58.724,2014,4,3,11
155.08,-58.731,2014,4,3,12
155.09,-58.739,2014,4,3,13
155.09,-58.746,2014,4,3,14
155.1,-58.753,2014,4,3,15
155.11,-58.761,2014,4,3,16
155.11,-58.769,2014,4,3,17
155.12,-58.778,2014,4,3,18
155.13,-58.787,2014,4,3,19
155.14,-58.796,2014,4,3,20
155.15,-58.804,2014,4,3,21
155.16,-58.809,2014,4,3,22
155.17,-58.816,2014,4,3,23
155.18,-58.821,2014,4,4,0
155.18,-58.827,2014,4,4,1
155.19,-58.832,2014,4,4,2
155.21,-58.837,2014,4,4,3
155.22,-58.84,2014,4,4,4
155.22,-58.842,2014,4,4,5
155.23,-58.843,2014,4,4,6
155.23,-58.845,2014,4,4,7
155.23,-58.849,2014,4,4,8
155.23,-58.854,2014,4,4,9
155.24,-58.858,2014,4,4,10
155.24,-58.863,2014,4,4,11
155.24,-58.869,2014,4,4,12
155.24,-58.875,2014,4,4,13
155.25,-58.882,2014,4,4,14
155.26,-58.888,2014,4,4,15
155.27,-58.892,2014,4,4,16
155.27,-58.895,2014,4,4,17
155.28,-58.897,2014,4,4,18
155.28,-58.898,2014,4,4,19
155.29,-58.9,2014,4,4,20
155.29,-58.902,2014,4,4,21
155.3,-58.903,2014,4,4,22
155.3,-58.901,2014,4,4,23
155.29,-58.901,2014,4,5,0
155.29,-58.901,2014,4,5,1
155.28,-58.903,2014,4,5,2
155.28,-58.907,2014,4,5,3
155.28,-58.911,2014,4,5,4
155.28,-58.918,2014,4,5,5
155.28,-58.925,2014,4,5,6
155.29,-58.931,2014,4,5,7
155.29,-58.937,2014,4,5,8
155.31,-58.941,2014,4,5,9
155.32,-58.944,2014,4,5,10
155.32,-58.945,2014,4,5,11
155.33,-58.947,2014,4,5,12
155.33,-58.95,2014,4,5,13
155.33,-58.954,2014,4,5,14
155.34,-58.958,2014,4,5,15
155.34,-58.964,2014,4,5,16
155.34,-58.969,2014,4,5,17
155.34,-58.976,2014,4,5,18
155.35,-58.982,2014,4,5,19
155.35,-58.988,2014,4,5,20
155.37,-58.994,2014,4,5,21
155.38,-58.997,2014,4,5,22
155.39,-58.999,2014,4,5,23
155.4,-59.001,2014,4,6,0
155.4,-59.001,2014,4,6,1
155.41,-59.001,2014,4,6,2
155.41,-59.001,2014,4,6,3
155.4,-59.002,2014,4,6,4
155.39,-59.005,2014,4,6,5
155.39,-59.011,2014,4,6,6
155.38,-59.02,2014,4,6,7
155.39,-59.03,2014,4,6,8
155.39,-59.039,2014,4,6,9
155.4,-59.046,2014,4,6,10
155.41,-59.052,2014,4,6,11
155.43,-59.055,2014,4,6,12
155.44,-59.056,2014,4,6,13
155.45,-59.055,2014,4,6,14
155.46,-59.053,2014,4,6,15
155.46,-59.049,2014,4,6,16
155.47,-59.046,2014,4,6,17
155.47,-59.042,2014,4,6,18
155.47,-59.038,2014,4,6,19
155.46,-59.035,2014,4,6,20
155.46,-59.031,2014,4,6,21
155.46,-59.028,2014,4,6,22
155.46,-59.026,2014,4,6,23
155.46,-59.025,2014,4,7,0
155.47,-59.023,2014,4,7,1
155.48,-59.019,2014,4,7,2
155.49,-59.013,2014,4,7,3
155.49,-59.005,2014,4,7,4
155.49,-58.999,2014,4,7,5
155.5,-58.992,2014,4,7,6
155.5,-58.987,2014,4,7,7
155.49,-58.982,2014,4,7,8
155.49,-58.979,2014,4,7,9
155.49,-58.977,2014,4,7,10
155.49,-58.975,2014,4,7,11
155.5,-58.975,2014,4,7,12
155.51,-58.973,2014,4,7,13
155.52,-58.968,2014,4,7,14
155.53,-58.963,2014,4,7,15
155.54,-58.957,2014,4,7,16
155.55,-58.949,2014,4,7,17
155.56,-58.938,2014,4,7,18
155.56,-58.928,2014,4,7,19
155.57,-58.916,2014,4,7,20
155.56,-58.907,2014,4,7,21
155.56,-58.901,2014,4,7,22
155.56,-58.897,2014,4,7,23
155.56,-58.894,2014,4,8,0
155.57,-58.888,2014,4,8,1
155.58,-58.883,2014,4,8,2
155.6,-58.877,2014,4,8,3
155.61,-58.869,2014,4,8,4
155.62,-58.862,2014,4,8,5
155.63,-58.852,2014,4,8,6
155.65,-58.841,2014,4,8,7
155.65,-58.831,2014,4,8,8
155.66,-58.822,2014,4,8,9
155.67,-58.814,2014,4,8,10
155.68,-58.808,2014,4,8,11
155.68,-58.802,2014,4,8,12
155.69,-58.797,2014,4,8,13
155.71,-58.793,2014,4,8,14
155.72,-58.787,2014,4,8,15
155.74,-58.781,2014,4,8,16
155.75,-58.774,2014,4,8,17
155.76,-58.769,2014,4,8,18
155.78,-58.763,2014,4,8,19
155.8,-58.758,2014,4,8,20
155.82,-58.753,2014,4,8,21
155.84,-58.746,2014,4,8,22
155.85,-58.737,2014,4,8,23
155.87,-58.727,2014,4,9,0
155.89,-58.72,2014,4,9,1
155.9,-58.712,2014,4,9,2
155.92,-58.705,2014,4,9,3
155.93,-58.699,2014,4,9,4
155.95,-58.692,2014,4,9,5
155.97,-58.685,2014,4,9,6
156,-58.677,2014,4,9,7
156.02,-58.666,2014,4,9,8
156.04,-58.652,2014,4,9,9
156.06,-58.638,2014,4,9,10
156.07,-58.626,2014,4,9,11
156.09,-58.616,2014,4,9,12
156.1,-58.603,2014,4,9,13
156.12,-58.592,2014,4,9,14
156.12,-58.578,2014,4,9,15
156.12,-58.569,2014,4,9,16
156.13,-58.563,2014,4,9,17
156.13,-58.558,2014,4,9,18
156.13,-58.555,2014,4,9,19
156.14,-58.55,2014,4,9,20
156.15,-58.546,2014,4,9,21
156.16,-58.543,2014,4,9,22
156.17,-58.54,2014,4,9,23
156.19,-58.534,2014,4,10,0
156.2,-58.525,2014,4,10,1
156.21,-58.515,2014,4,10,2
156.21,-58.507,2014,4,10,3
156.21,-58.499,2014,4,10,4
156.21,-58.493,2014,4,10,5
156.2,-58.489,2014,4,10,6
156.2,-58.489,2014,4,10,7
156.19,-58.492,2014,4,10,8
156.2,-58.497,2014,4,10,9
156.21,-58.501,2014,4,10,10
156.23,-58.5,2014,4,10,11
156.25,-58.496,2014,4,10,12
156.27,-58.489,2014,4,10,13
156.28,-58.479,2014,4,10,14
156.29,-58.468,2014,4,10,15
156.29,-58.458,2014,4,10,16
156.28,-58.451,2014,4,10,17
156.27,-58.445,2014,4,10,18
156.26,-58.442,2014,4,10,19
156.26,-58.439,2014,4,10,20
156.25,-58.437,2014,4,10,21
156.25,-58.439,2014,4,10,22
156.26,-58.44,2014,4,10,23
156.27,-58.439,2014,4,11,0
156.28,-58.437,2014,4,11,1
156.28,-58.433,2014,4,11,2
156.29,-58.428,2014,4,11,3
156.3,-58.42,2014,4,11,4
156.3,-58.412,2014,4,11,5
156.3,-58.405,2014,4,11,6
156.29,-58.399,2014,4,11,7
156.29,-58.394,2014,4,11,8
156.29,-58.391,2014,4,11,9
156.29,-58.389,2014,4,11,10
156.29,-58.387,2014,4,11,11
156.28,-58.385,2014,4,11,12
156.29,-58.384,2014,4,11,13
156.29,-58.383,2014,4,11,14
156.3,-58.38,2014,4,11,15
156.3,-58.376,2014,4,11,16
156.31,-58.371,2014,4,11,17
156.31,-58.366,2014,4,11,18
156.32,-58.357,2014,4,11,19
156.32,-58.35,2014,4,11,20
156.31,-58.342,2014,4,11,21
156.31,-58.337,2014,4,11,22
156.3,-58.333,2014,4,11,23
156.29,-58.332,2014,4,12,0
156.28,-58.332,2014,4,12,1
156.28,-58.333,2014,4,12,2
156.29,-58.334,2014,4,12,3
156.29,-58.334,2014,4,12,4
156.3,-58.331,2014,4,12,5
156.31,-58.327,2014,4,12,6
156.31,-58.322,2014,4,12,7
156.32,-58.316,2014,4,12,8
156.32,-58.308,2014,4,12,9
156.32,-58.304,2014,4,12,10
156.31,-58.3,2014,4,12,11
156.31,-58.297,2014,4,12,12
156.3,-58.296,2014,4,12,13
156.29,-58.299,2014,4,12,14
156.3,-58.301,2014,4,12,15
156.3,-58.302,2014,4,12,16
156.31,-58.303,2014,4,12,17
156.32,-58.301,2014,4,12,18
156.33,-58.298,2014,4,12,19
156.34,-58.294,2014,4,12,20
156.35,-58.287,2014,4,12,21
156.36,-58.279,2014,4,12,22
156.36,-58.27,2014,4,12,23
156.36,-58.262,2014,4,13,0
156.35,-58.256,2014,4,13,1
156.34,-58.253,2014,4,13,2
156.34,-58.252,2014,4,13,3
156.34,-58.252,2014,4,13,4
156.34,-58.252,2014,4,13,5
156.35,-58.252,2014,4,13,6
156.36,-58.25,2014,4,13,7
156.37,-58.247,2014,4,13,8
156.38,-58.242,2014,4,13,9
156.39,-58.235,2014,4,13,10
156.39,-58.23,2014,4,13,11
156.4,-58.224,2014,4,13,12
156.4,-58.218,2014,4,13,13
156.4,-58.212,2014,4,13,14
156.39,-58.206,2014,4,13,15
156.38,-58.202,2014,4,13,16
156.38,-58.202,2014,4,13,17
156.38,-58.202,2014,4,13,18
156.38,-58.203,2014,4,13,19
156.38,-58.203,2014,4,13,20
156.38,-58.202,2014,4,13,21
156.39,-58.201,2014,4,13,22
156.4,-58.198,2014,4,13,23
156.41,-58.194,2014,4,14,0
156.41,-58.188,2014,4,14,1
156.41,-58.18,2014,4,14,2
156.41,-58.171,2014,4,14,3
156.4,-58.165,2014,4,14,4
156.38,-58.162,2014,4,14,5
156.37,-58.163,2014,4,14,6
156.37,-58.165,2014,4,14,7
156.37,-58.167,2014,4,14,8
156.37,-58.17,2014,4,14,9
156.38,-58.171,2014,4,14,10
156.39,-58.171,2014,4,14,11
156.4,-58.167,2014,4,14,12
156.41,-58.161,2014,4,14,13
156.41,-58.152,2014,4,14,14
156.41,-58.145,2014,4,14,15
156.4,-58.138,2014,4,14,16
156.39,-58.133,2014,4,14,17
156.38,-58.131,2014,4,14,18
156.37,-58.131,2014,4,14,19
156.37,-58.133,2014,4,14,20
156.38,-58.134,2014,4,14,21
156.38,-58.134,2014,4,14,22
156.39,-58.133,2014,4,14,23
156.4,-58.129,2014,4,15,0
156.41,-58.124,2014,4,15,1
156.41,-58.118,2014,4,15,2
156.41,-58.111,2014,4,15,3
156.41,-58.106,2014,4,15,4
156.4,-58.104,2014,4,15,5
156.39,-58.103,2014,4,15,6
156.39,-58.103,2014,4,15,7
156.39,-58.104,2014,4,15,8
156.39,-58.105,2014,4,15,9
156.39,-58.106,2014,4,15,10
156.4,-58.107,2014,4,15,11
156.4,-58.105,2014,4,15,12
156.41,-58.102,2014,4,15,13
156.41,-58.099,2014,4,15,14
156.41,-58.095,2014,4,15,15
156.41,-58.092,2014,4,15,16
156.41,-58.089,2014,4,15,17
156.41,-58.088,2014,4,15,18
156.4,-58.088,2014,4,15,19
156.4,-58.09,2014,4,15,20
156.4,-58.092,2014,4,15,21
156.41,-58.093,2014,4,15,22
156.41,-58.092,2014,4,16,0
156.42,-58.09,2014,4,16,1
156.42,-58.089,2014,4,16,2
156.42,-58.087,2014,4,16,3
156.42,-58.084,2014,4,16,4
156.42,-58.082,2014,4,16,5
156.42,-58.083,2014,4,16,6
156.42,-58.084,2014,4,16,7
156.43,-58.084,2014,4,16,8
156.43,-58.081,2014,4,16,9
156.42,-58.079,2014,4,16,10
156.42,-58.077,2014,4,16,11
156.42,-58.076,2014,4,16,12
156.42,-58.075,2014,4,16,13
156.42,-58.074,2014,4,16,14
156.42,-58.073,2014,4,16,15
156.42,-58.069,2014,4,16,16
156.42,-58.068,2014,4,16,17
156.41,-58.069,2014,4,16,18
156.41,-58.07,2014,4,16,19
156.41,-58.067,2014,4,16,20
156.41,-58.066,2014,4,16,21
156.41,-58.067,2014,4,16,22
156.42,-58.067,2014,4,16,23
156.42,-58.065,2014,4,17,0
156.43,-58.062,2014,4,17,1
156.43,-58.06,2014,4,17,2
156.43,-58.059,2014,4,17,3
156.43,-58.057,2014,4,17,4
156.43,-58.057,2014,4,17,5
156.44,-58.056,2014,4,17,6
156.44,-58.055,2014,4,17,7
156.44,-58.054,2014,4,17,8
156.45,-58.054,2014,4,17,9
156.45,-58.052,2014,4,17,10
156.45,-58.052,2014,4,17,11
156.45,-58.051,2014,4,17,12
156.45,-58.051,2014,4,17,13
156.45,-58.051,2014,4,17,14
156.46,-58.052,2014,4,17,15
156.46,-58.052,2014,4,17,16
156.46,-58.052,2014,4,17,17
156.46,-58.053,2014,4,17,18
156.47,-58.053,2014,4,17,19
156.47,-58.053,2014,4,17,20
156.47,-58.054,2014,4,17,21
156.48,-58.055,2014,4,17,22
156.48,-58.055,2014,4,17,23
156.48,-58.056,2014,4,18,0
156.48,-58.055,2014,4,18,1
156.49,-58.056,2014,4,18,2
156.49,-58.057,2014,4,18,3
156.49,-58.058,2014,4,18,4
156.5,-58.058,2014,4,18,5
156.5,-58.058,2014,4,18,6
156.5,-58.058,2014,4,18,7
156.5,-58.058,2014,4,18,8
156.5,-58.059,2014,4,18,9
156.5,-58.06,2014,4,18,10
156.51,-58.061,2014,4,18,11
156.51,-58.062,2014,4,18,12
156.51,-58.062,2014,4,18,13
156.51,-58.064,2014,4,18,14
156.51,-58.065,2014,4,18,15
156.51,-58.067,2014,4,18,16
156.51,-58.07,2014,4,18,17
156.51,-58.071,2014,4,18,18
156.52,-58.071,2014,4,18,19
156.52,-58.07,2014,4,18,20
156.51,-58.07,2014,4,18,21
156.51,-58.071,2014,4,18,22
156.51,-58.072,2014,4,18,23
156.51,-58.074,2014,4,19,0
156.51,-58.076,2014,4,19,1
156.51,-58.078,2014,4,19,2
156.52,-58.081,2014,4,19,3
156.52,-58.084,2014,4,19,4
156.53,-58.086,2014,4,19,5
156.53,-58.087,2014,4,19,6
156.53,-58.087,2014,4,19,7
156.53,-58.087,2014,4,19,8
156.53,-58.089,2014,4,19,9
156.53,-58.089,2014,4,19,10
156.52,-58.09,2014,4,19,11
156.52,-58.093,2014,4,19,12
156.51,-58.097,2014,4,19,13
156.51,-58.101,2014,4,19,14
156.51,-58.106,2014,4,19,15
156.52,-58.109,2014,4,19,16
156.52,-58.113,2014,4,19,17
156.52,-58.115,2014,4,19,18
156.52,-58.118,2014,4,19,19
156.52,-58.121,2014,4,19,20
156.51,-58.123,2014,4,19,21
156.51,-58.126,2014,4,19,22
156.51,-58.127,2014,4,19,23
156.5,-58.132,2014,4,20,0
156.5,-58.137,2014,4,20,1
156.5,-58.142,2014,4,20,2
156.5,-58.149,2014,4,20,3
156.5,-58.154,2014,4,20,4
156.5,-58.16,2014,4,20,5
156.49,-58.166,2014,4,20,6
156.49,-58.171,2014,4,20,7
156.49,-58.174,2014,4,20,8
156.49,-58.178,2014,4,20,9
156.49,-58.182,2014,4,20,10
156.48,-58.185,2014,4,20,11
156.47,-58.189,2014,4,20,12
156.47,-58.192,2014,4,20,13
156.46,-58.198,2014,4,20,14
156.46,-58.204,2014,4,20,15
156.45,-58.211,2014,4,20,16
156.45,-58.217,2014,4,20,17
156.44,-58.223,2014,4,20,18
156.44,-58.229,2014,4,20,19
156.44,-58.235,2014,4,20,20
156.44,-58.24,2014,4,20,21
156.43,-58.244,2014,4,20,22
156.43,-58.247,2014,4,20,23
156.42,-58.249,2014,4,21,0
156.42,-58.252,2014,4,21,1
156.41,-58.255,2014,4,21,2
156.4,-58.259,2014,4,21,3
156.4,-58.265,2014,4,21,4
156.39,-58.271,2014,4,21,5
156.38,-58.277,2014,4,21,6
156.38,-58.283,2014,4,21,7
156.37,-58.289,2014,4,21,8
156.37,-58.295,2014,4,21,9
156.36,-58.3,2014,4,21,10
156.36,-58.304,2014,4,21,11
156.35,-58.306,2014,4,21,12
156.35,-58.308,2014,4,21,13
156.34,-58.311,2014,4,21,14
156.32,-58.314,2014,4,21,15
156.31,-58.319,2014,4,21,16
156.3,-58.325,2014,4,21,17
156.29,-58.331,2014,4,21,18
156.29,-58.336,2014,4,21,19
156.28,-58.338,2014,4,21,20
156.27,-58.34,2014,4,21,21
156.26,-58.343,2014,4,21,22
156.26,-58.347,2014,4,21,23
156.25,-58.35,2014,4,22,0
156.24,-58.353,2014,4,22,1
156.23,-58.357,2014,4,22,2
156.22,-58.361,2014,4,22,3
156.22,-58.364,2014,4,22,4
156.21,-58.365,2014,4,22,5
156.2,-58.368,2014,4,22,6
156.19,-58.371,2014,4,22,7
156.18,-58.374,2014,4,22,8
156.17,-58.378,2014,4,22,9
156.16,-58.383,2014,4,22,10
156.15,-58.387,2014,4,22,11
156.14,-58.392,2014,4,22,12
156.13,-58.395,2014,4,22,13
156.12,-58.397,2014,4,22,14
156.11,-58.4,2014,4,22,15
156.1,-58.403,2014,4,22,16
156.09,-58.406,2014,4,22,17
156.08,-58.409,2014,4,22,18
156.07,-58.413,2014,4,22,19
156.06,-58.418,2014,4,22,20
156.05,-58.422,2014,4,22,21
156.04,-58.425,2014,4,22,22
156.03,-58.429,2014,4,22,23
156.02,-58.431,2014,4,23,0
156.01,-58.434,2014,4,23,1
156,-58.437,2014,4,23,2
155.99,-58.442,2014,4,23,3
155.98,-58.447,2014,4,23,4
155.97,-58.453,2014,4,23,5
155.96,-58.459,2014,4,23,6
155.95,-58.464,2014,4,23,7
155.94,-58.468,2014,4,23,8
155.93,-58.471,2014,4,23,9
155.92,-58.474,2014,4,23,10
155.91,-58.478,2014,4,23,11
155.9,-58.483,2014,4,23,12
155.89,-58.487,2014,4,23,13
155.87,-58.492,2014,4,23,14
155.86,-58.496,2014,4,23,15
155.85,-58.5,2014,4,23,16
155.83,-58.507,2014,4,23,17
155.82,-58.516,2014,4,23,18
155.81,-58.524,2014,4,23,19
155.8,-58.53,2014,4,23,20
155.79,-58.536,2014,4,23,21
155.78,-58.542,2014,4,23,22
155.77,-58.546,2014,4,23,23
155.75,-58.548,2014,4,24,0
155.74,-58.553,2014,4,24,1
155.72,-58.557,2014,4,24,2
155.7,-58.562,2014,4,24,3
155.69,-58.569,2014,4,24,4
155.67,-58.576,2014,4,24,5
155.66,-58.582,2014,4,24,6
155.65,-58.591,2014,4,24,7
155.64,-58.599,2014,4,24,8
155.63,-58.607,2014,4,24,9
155.62,-58.614,2014,4,24,10
155.6,-58.618,2014,4,24,11
155.58,-58.624,2014,4,24,12
155.57,-58.63,2014,4,24,13
155.56,-58.637,2014,4,24,14
155.55,-58.643,2014,4,24,15
155.54,-58.647,2014,4,24,16
155.53,-58.65,2014,4,24,17
155.51,-58.655,2014,4,24,18
155.5,-58.662,2014,4,24,19
155.49,-58.666,2014,4,24,20
155.47,-58.67,2014,4,24,21
155.45,-58.671,2014,4,24,22
155.43,-58.673,2014,4,24,23
155.41,-58.677,2014,4,25,0
155.39,-58.684,2014,4,25,1
155.38,-58.689,2014,4,25,2
155.36,-58.695,2014,4,25,3
155.35,-58.702,2014,4,25,4
155.34,-58.708,2014,4,25,5
155.33,-58.714,2014,4,25,6
155.32,-58.716,2014,4,25,7
155.31,-58.716,2014,4,25,8
155.29,-58.718,2014,4,25,9
155.28,-58.72,2014,4,25,10
155.26,-58.722,2014,4,25,11
155.24,-58.724,2014,4,25,12
155.22,-58.728,2014,4,25,13
155.2,-58.732,2014,4,25,14
155.19,-58.738,2014,4,25,15
155.17,-58.746,2014,4,25,16
155.16,-58.754,2014,4,25,17
155.16,-58.761,2014,4,25,18
155.15,-58.767,2014,4,25,19
155.15,-58.773,2014,4,25,20
155.15,-58.778,2014,4,25,21
155.15,-58.781,2014,4,25,22
155.15,-58.781,2014,4,25,23
155.15,-58.779,2014,4,26,0
155.14,-58.775,2014,4,26,1
155.14,-58.772,2014,4,26,2
155.12,-58.77,2014,4,26,3
155.1,-58.77,2014,4,26,4
155.09,-58.772,2014,4,26,5
155.07,-58.775,2014,4,26,6
155.06,-58.777,2014,4,26,7
155.04,-58.783,2014,4,26,8
155.03,-58.786,2014,4,26,9
155.03,-58.79,2014,4,26,10
155.03,-58.793,2014,4,26,11
155.02,-58.795,2014,4,26,12
155.01,-58.796,2014,4,26,13
155,-58.798,2014,4,26,14
154.99,-58.802,2014,4,26,15
154.98,-58.807,2014,4,26,16
154.97,-58.813,2014,4,26,17
154.97,-58.821,2014,4,26,18
154.97,-58.826,2014,4,26,19
154.97,-58.83,2014,4,26,20
154.97,-58.832,2014,4,26,21
154.97,-58.833,2014,4,26,22
154.97,-58.833,2014,4,26,23
154.97,-58.833,2014,4,27,0
154.96,-58.834,2014,4,27,1
154.96,-58.836,2014,4,27,2
154.95,-58.841,2014,4,27,3
154.95,-58.845,2014,4,27,4
154.95,-58.848,2014,4,27,5
154.95,-58.849,2014,4,27,6
154.96,-58.849,2014,4,27,7
154.96,-58.847,2014,4,27,8
154.96,-58.844,2014,4,27,9
154.95,-58.839,2014,4,27,10
154.95,-58.836,2014,4,27,11
154.94,-58.832,2014,4,27,12
154.92,-58.831,2014,4,27,13
154.9,-58.833,2014,4,27,14
154.89,-58.839,2014,4,27,15
154.88,-58.846,2014,4,27,16
154.87,-58.856,2014,4,27,17
154.87,-58.864,2014,4,27,18
154.87,-58.871,2014,4,27,19
154.88,-58.874,2014,4,27,20
154.88,-58.877,2014,4,27,21
154.89,-58.878,2014,4,27,22
154.89,-58.879,2014,4,27,23
154.89,-58.879,2014,4,28,0
154.88,-58.879,2014,4,28,1
154.87,-58.881,2014,4,28,2
154.86,-58.886,2014,4,28,3
154.85,-58.893,2014,4,28,4
154.84,-58.901,2014,4,28,5
154.84,-58.911,2014,4,28,6
154.84,-58.92,2014,4,28,7
154.84,-58.93,2014,4,28,8
154.84,-58.937,2014,4,28,9
154.85,-58.942,2014,4,28,10
154.86,-58.946,2014,4,28,11
154.86,-58.949,2014,4,28,12
154.87,-58.952,2014,4,28,13
154.87,-58.954,2014,4,28,14
154.86,-58.957,2014,4,28,15
154.86,-58.962,2014,4,28,16
154.85,-58.968,2014,4,28,17
154.84,-58.975,2014,4,28,18
154.84,-58.985,2014,4,28,19
154.84,-58.995,2014,4,28,20
154.85,-59.005,2014,4,28,21
154.86,-59.014,2014,4,28,22
154.88,-59.02,2014,4,28,23
154.89,-59.022,2014,4,29,0
154.9,-59.024,2014,4,29,1
154.91,-59.024,2014,4,29,2
154.91,-59.026,2014,4,29,3
154.91,-59.029,2014,4,29,4
154.9,-59.033,2014,4,29,5
154.9,-59.038,2014,4,29,6
154.9,-59.043,2014,4,29,7
154.91,-59.047,2014,4,29,8
154.91,-59.048,2014,4,29,9
154.92,-59.051,2014,4,29,10
154.93,-59.053,2014,4,29,11
154.94,-59.053,2014,4,29,12
154.95,-59.049,2014,4,29,13
154.96,-59.045,2014,4,29,14
154.96,-59.041,2014,4,29,15
154.96,-59.038,2014,4,29,16
154.96,-59.035,2014,4,29,17
154.95,-59.035,2014,4,29,18
154.95,-59.036,2014,4,29,19
154.94,-59.039,2014,4,29,20
154.94,-59.043,2014,4,29,21
154.94,-59.046,2014,4,29,22
154.95,-59.049,2014,4,29,23
154.96,-59.052,2014,4,30,0
154.97,-59.052,2014,4,30,1
154.98,-59.051,2014,4,30,2
154.99,-59.049,2014,4,30,3
155,-59.044,2014,4,30,4
155,-59.04,2014,4,30,5
155,-59.036,2014,4,30,6
154.99,-59.031,2014,4,30,7
154.98,-59.029,2014,4,30,8
154.97,-59.027,2014,4,30,9
154.96,-59.027,2014,4,30,10
154.95,-59.028,2014,4,30,11
154.94,-59.031,2014,4,30,12
154.94,-59.035,2014,4,30,13
154.93,-59.039,2014,4,30,14
154.93,-59.044,2014,4,30,15
154.94,-59.048,2014,4,30,16
154.94,-59.049,2014,4,30,17
154.94,-59.047,2014,4,30,18
154.95,-59.044,2014,4,30,19
154.94,-59.039,2014,4,30,20
154.94,-59.034,2014,4,30,21
154.93,-59.029,2014,4,30,22
154.92,-59.025,2014,4,30,23
154.9,-59.024,2014,5,1,0
154.89,-59.024,2014,5,1,1
154.87,-59.025,2014,5,1,2
154.87,-59.028,2014,5,1,3
154.86,-59.03,2014,5,1,4
154.86,-59.031,2014,5,1,5
154.86,-59.032,2014,5,1,6
154.86,-59.032,2014,5,1,7
154.86,-59.032,2014,5,1,8
154.85,-59.03,2014,5,1,9
154.85,-59.026,2014,5,1,10
154.84,-59.02,2014,5,1,11
154.83,-59.015,2014,5,1,12
154.82,-59.013,2014,5,1,13
154.8,-59.012,2014,5,1,14
154.79,-59.014,2014,5,1,15
154.78,-59.016,2014,5,1,16
154.78,-59.021,2014,5,1,17
154.78,-59.026,2014,5,1,18
154.77,-59.025,2014,5,1,19
154.78,-59.028,2014,5,1,20
154.78,-59.029,2014,5,1,21
154.78,-59.027,2014,5,1,22
154.78,-59.023,2014,5,1,23
154.78,-59.018,2014,5,2,0
154.77,-59.016,2014,5,2,1
154.76,-59.014,2014,5,2,2
154.75,-59.013,2014,5,2,3
154.74,-59.016,2014,5,2,4
154.74,-59.019,2014,5,2,5
154.73,-59.023,2014,5,2,6
154.72,-59.03,2014,5,2,7
154.72,-59.036,2014,5,2,8
154.72,-59.041,2014,5,2,9
154.72,-59.045,2014,5,2,10
154.72,-59.047,2014,5,2,11
154.72,-59.048,2014,5,2,12
154.72,-59.049,2014,5,2,13
154.72,-59.05,2014,5,2,14
154.71,-59.051,2014,5,2,15
154.7,-59.052,2014,5,2,16
154.68,-59.055,2014,5,2,17
154.67,-59.059,2014,5,2,18
154.66,-59.065,2014,5,2,19
154.65,-59.074,2014,5,2,20
154.64,-59.083,2014,5,2,21
154.64,-59.092,2014,5,2,22
154.63,-59.1,2014,5,2,23
154.64,-59.108,2014,5,3,0
154.65,-59.113,2014,5,3,1
154.66,-59.115,2014,5,3,2
154.67,-59.117,2014,5,3,3
154.67,-59.116,2014,5,3,4
154.68,-59.114,2014,5,3,5
154.68,-59.112,2014,5,3,6
154.67,-59.111,2014,5,3,7
154.66,-59.112,2014,5,3,8
154.66,-59.115,2014,5,3,9
154.65,-59.119,2014,5,3,10
154.65,-59.124,2014,5,3,11
154.64,-59.128,2014,5,3,12
154.64,-59.133,2014,5,3,13
154.64,-59.138,2014,5,3,14
154.64,-59.142,2014,5,3,15
154.64,-59.145,2014,5,3,16
154.65,-59.147,2014,5,3,17
154.65,-59.147,2014,5,3,18
154.65,-59.147,2014,5,3,19
154.64,-59.147,2014,5,3,20
154.63,-59.147,2014,5,3,21
154.63,-59.148,2014,5,3,22
154.62,-59.147,2014,5,3,23
154.62,-59.15,2014,5,4,0
154.61,-59.152,2014,5,4,1
154.61,-59.154,2014,5,4,2
154.61,-59.156,2014,5,4,3
154.61,-59.159,2014,5,4,4
154.61,-59.161,2014,5,4,5
154.61,-59.163,2014,5,4,6
154.61,-59.164,2014,5,4,7
154.61,-59.165,2014,5,4,8
154.6,-59.165,2014,5,4,9
154.6,-59.164,2014,5,4,10
154.59,-59.164,2014,5,4,11
154.58,-59.166,2014,5,4,12
154.57,-59.169,2014,5,4,13
154.56,-59.172,2014,5,4,14
154.56,-59.176,2014,5,4,15
154.56,-59.181,2014,5,4,16
154.55,-59.186,2014,5,4,17
154.55,-59.192,2014,5,4,18
154.56,-59.197,2014,5,4,19
154.56,-59.201,2014,5,4,20
154.56,-59.205,2014,5,4,21
154.56,-59.209,2014,5,4,22
154.55,-59.211,2014,5,4,23
154.55,-59.214,2014,5,5,0
154.55,-59.218,2014,5,5,1
154.54,-59.224,2014,5,5,2
154.54,-59.23,2014,5,5,3
154.54,-59.237,2014,5,5,4
154.54,-59.244,2014,5,5,5
154.55,-59.251,2014,5,5,6
154.56,-59.257,2014,5,5,7
154.56,-59.264,2014,5,5,8
154.57,-59.27,2014,5,5,9
154.57,-59.275,2014,5,5,10
154.58,-59.28,2014,5,5,11
154.58,-59.285,2014,5,5,12
154.58,-59.29,2014,5,5,13
154.59,-59.296,2014,5,5,14
154.59,-59.303,2014,5,5,15
154.59,-59.311,2014,5,5,16
154.59,-59.32,2014,5,5,17
154.59,-59.33,2014,5,5,18
154.6,-59.339,2014,5,5,19
154.61,-59.347,2014,5,5,20
154.62,-59.354,2014,5,5,21
154.63,-59.359,2014,5,5,22
154.65,-59.363,2014,5,5,23
154.66,-59.367,2014,5,6,0
154.66,-59.369,2014,5,6,1
154.67,-59.371,2014,5,6,2
154.68,-59.373,2014,5,6,3
154.68,-59.376,2014,5,6,4
154.69,-59.378,2014,5,6,5
154.7,-59.382,2014,5,6,6
154.7,-59.386,2014,5,6,7
154.72,-59.389,2014,5,6,8
154.72,-59.392,2014,5,6,9
154.73,-59.393,2014,5,6,10
154.74,-59.393,2014,5,6,11
154.75,-59.394,2014,5,6,12
154.76,-59.395,2014,5,6,13
154.77,-59.395,2014,5,6,14
154.78,-59.396,2014,5,6,15
154.78,-59.398,2014,5,6,16
154.79,-59.399,2014,5,6,17
154.8,-59.399,2014,5,6,18
154.81,-59.398,2014,5,6,19
154.82,-59.397,2014,5,6,20
154.83,-59.396,2014,5,6,21
154.83,-59.393,2014,5,6,22
154.84,-59.39,2014,5,6,23
154.84,-59.386,2014,5,7,0
154.85,-59.382,2014,5,7,1
154.85,-59.378,2014,5,7,2
154.84,-59.377,2014,5,7,3
154.85,-59.377,2014,5,7,4
154.85,-59.376,2014,5,7,5
154.86,-59.374,2014,5,7,6
154.86,-59.373,2014,5,7,7
154.87,-59.372,2014,5,7,8
154.88,-59.369,2014,5,7,9
154.89,-59.362,2014,5,7,10
154.9,-59.356,2014,5,7,11
154.9,-59.348,2014,5,7,12
154.9,-59.341,2014,5,7,13
154.9,-59.337,2014,5,7,14
154.9,-59.334,2014,5,7,15
154.9,-59.332,2014,5,7,16
154.9,-59.332,2014,5,7,17
154.9,-59.333,2014,5,7,18
154.91,-59.332,2014,5,7,19
154.92,-59.331,2014,5,7,20
154.94,-59.327,2014,5,7,21
154.95,-59.32,2014,5,7,22
154.96,-59.313,2014,5,7,23
154.96,-59.305,2014,5,8,0
154.96,-59.299,2014,5,8,1
154.96,-59.293,2014,5,8,2
154.96,-59.289,2014,5,8,3
154.95,-59.287,2014,5,8,4
154.95,-59.286,2014,5,8,5
154.96,-59.287,2014,5,8,6
154.97,-59.287,2014,5,8,7
154.97,-59.286,2014,5,8,8
154.98,-59.282,2014,5,8,9
154.99,-59.278,2014,5,8,10
155,-59.272,2014,5,8,11
155.01,-59.266,2014,5,8,12
155.01,-59.258,2014,5,8,13
155.01,-59.252,2014,5,8,14
155.01,-59.246,2014,5,8,15
155,-59.242,2014,5,8,16
155,-59.24,2014,5,8,17
155,-59.238,2014,5,8,18
155,-59.235,2014,5,8,19
155,-59.233,2014,5,8,20
155.01,-59.23,2014,5,8,21
155.01,-59.225,2014,5,8,22
155.02,-59.219,2014,5,8,23
155.03,-59.213,2014,5,9,0
155.03,-59.206,2014,5,9,1
155.03,-59.198,2014,5,9,2
155.03,-59.192,2014,5,9,3
155.03,-59.189,2014,5,9,4
155.03,-59.185,2014,5,9,5
155.03,-59.179,2014,5,9,6
155.03,-59.174,2014,5,9,7
155.03,-59.17,2014,5,9,8
155.03,-59.165,2014,5,9,9
155.03,-59.159,2014,5,9,10
155.03,-59.154,2014,5,9,11
155.03,-59.149,2014,5,9,12
155.03,-59.146,2014,5,9,13
155.03,-59.142,2014,5,9,14
155.03,-59.138,2014,5,9,15
155.03,-59.134,2014,5,9,16
155.03,-59.13,2014,5,9,17
155.03,-59.123,2014,5,9,18
155.03,-59.116,2014,5,9,19
155.03,-59.11,2014,5,9,20
155.02,-59.106,2014,5,9,21
155.01,-59.103,2014,5,9,22
155.01,-59.1,2014,5,9,23
155,-59.098,2014,5,10,0
155,-59.098,2014,5,10,1
155,-59.097,2014,5,10,2
155,-59.095,2014,5,10,3
155.01,-59.091,2014,5,10,4
155.01,-59.087,2014,5,10,5
155.01,-59.081,2014,5,10,6
155.02,-59.076,2014,5,10,7
155.02,-59.07,2014,5,10,8
155.01,-59.064,2014,5,10,9
155.01,-59.059,2014,5,10,10
155,-59.054,2014,5,10,11
154.99,-59.051,2014,5,10,12
154.98,-59.048,2014,5,10,13
154.97,-59.047,2014,5,10,14
154.97,-59.047,2014,5,10,15
154.97,-59.046,2014,5,10,16
154.97,-59.044,2014,5,10,17
154.97,-59.041,2014,5,10,18
154.97,-59.037,2014,5,10,19
154.97,-59.032,2014,5,10,20
154.96,-59.027,2014,5,10,21
154.95,-59.023,2014,5,10,22
154.94,-59.022,2014,5,10,23
154.94,-59.023,2014,5,11,0
154.93,-59.025,2014,5,11,1
154.93,-59.028,2014,5,11,2
154.94,-59.029,2014,5,11,3
154.94,-59.027,2014,5,11,4
154.95,-59.023,2014,5,11,5
154.95,-59.017,2014,5,11,6
154.95,-59.01,2014,5,11,7
154.95,-59.004,2014,5,11,8
154.94,-58.997,2014,5,11,9
154.94,-58.992,2014,5,11,10
154.93,-58.988,2014,5,11,11
154.92,-58.985,2014,5,11,12
154.91,-58.984,2014,5,11,13
154.91,-58.984,2014,5,11,14
154.9,-58.984,2014,5,11,15
154.9,-58.984,2014,5,11,16
154.9,-58.983,2014,5,11,17
154.91,-58.982,2014,5,11,18
154.91,-58.978,2014,5,11,19
154.91,-58.974,2014,5,11,20
154.91,-58.971,2014,5,11,21
154.92,-58.966,2014,5,11,22
154.92,-58.962,2014,5,11,23
154.91,-58.959,2014,5,12,0
154.91,-58.955,2014,5,12,1
154.9,-58.953,2014,5,12,2
154.9,-58.951,2014,5,12,3
154.89,-58.95,2014,5,12,4
154.89,-58.949,2014,5,12,5
154.88,-58.949,2014,5,12,6
154.88,-58.948,2014,5,12,7
154.88,-58.948,2014,5,12,8
154.87,-58.948,2014,5,12,9
154.87,-58.948,2014,5,12,10
154.86,-58.949,2014,5,12,11
154.86,-58.949,2014,5,12,12
154.86,-58.949,2014,5,12,13
154.86,-58.948,2014,5,12,14
154.86,-58.947,2014,5,12,15
154.85,-58.947,2014,5,12,16
154.84,-58.948,2014,5,12,17
154.83,-58.95,2014,5,12,18
154.82,-58.952,2014,5,12,19
154.81,-58.955,2014,5,12,20
154.81,-58.959,2014,5,12,21
154.81,-58.963,2014,5,12,22
154.81,-58.967,2014,5,12,23
154.81,-58.97,2014,5,13,0
154.82,-58.973,2014,5,13,1
154.82,-58.975,2014,5,13,2
154.84,-58.977,2014,5,13,3
154.85,-58.978,2014,5,13,4
154.86,-58.975,2014,5,13,5
154.86,-58.972,2014,5,13,6
154.87,-58.969,2014,5,13,7
154.87,-58.965,2014,5,13,8
154.88,-58.962,2014,5,13,9
154.88,-58.96,2014,5,13,10
154.88,-58.958,2014,5,13,11
154.88,-58.955,2014,5,13,12
154.88,-58.953,2014,5,13,13
154.88,-58.952,2014,5,13,14
154.89,-58.95,2014,5,13,15
154.9,-58.948,2014,5,13,16
154.91,-58.943,2014,5,13,17
154.91,-58.94,2014,5,13,18
154.92,-58.933,2014,5,13,19
154.92,-58.927,2014,5,13,20
154.93,-58.922,2014,5,13,21
154.93,-58.917,2014,5,13,22
154.93,-58.912,2014,5,13,23
154.93,-58.911,2014,5,14,0
154.93,-58.911,2014,5,14,1
154.93,-58.912,2014,5,14,2
154.93,-58.915,2014,5,14,3
154.94,-58.918,2014,5,14,4
154.96,-58.919,2014,5,14,5
154.97,-58.919,2014,5,14,6
154.99,-58.917,2014,5,14,7
155,-58.913,2014,5,14,8
155.01,-58.908,2014,5,14,9
155.02,-58.904,2014,5,14,10
155.02,-58.9,2014,5,14,11
155.02,-58.898,2014,5,14,12
155.02,-58.9,2014,5,14,13
155.02,-58.904,2014,5,14,14
155.03,-58.909,2014,5,14,15
155.04,-58.915,2014,5,14,16
155.06,-58.923,2014,5,14,17
155.08,-58.929,2014,5,14,18
155.11,-58.934,2014,5,14,19
155.14,-58.936,2014,5,14,20
155.17,-58.932,2014,5,14,21
155.2,-58.926,2014,5,14,22
155.23,-58.917,2014,5,14,23
155.25,-58.907,2014,5,15,0
155.26,-58.898,2014,5,15,1
155.27,-58.89,2014,5,15,2
155.28,-58.883,2014,5,15,3
155.28,-58.879,2014,5,15,4
155.28,-58.877,2014,5,15,5
155.28,-58.877,2014,5,15,6
155.29,-58.879,2014,5,15,7
155.3,-58.881,2014,5,15,8
155.32,-58.882,2014,5,15,9
155.34,-58.882,2014,5,15,10
155.35,-58.878,2014,5,15,11
155.37,-58.873,2014,5,15,12
155.38,-58.866,2014,5,15,13
155.39,-58.859,2014,5,15,14
155.39,-58.854,2014,5,15,15
155.4,-58.85,2014,5,15,16
155.4,-58.846,2014,5,15,17
155.4,-58.844,2014,5,15,18
155.41,-58.841,2014,5,15,19
155.41,-58.84,2014,5,15,20
155.42,-58.839,2014,5,15,21
155.44,-58.838,2014,5,15,22
155.45,-58.836,2014,5,15,23
155.47,-58.831,2014,5,16,0
155.47,-58.827,2014,5,16,1
155.48,-58.824,2014,5,16,2
155.49,-58.821,2014,5,16,3
155.49,-58.819,2014,5,16,4
155.5,-58.816,2014,5,16,5
155.5,-58.813,2014,5,16,6
155.51,-58.811,2014,5,16,7
155.51,-58.81,2014,5,16,8
155.52,-58.808,2014,5,16,9
155.53,-58.807,2014,5,16,10
155.54,-58.805,2014,5,16,11
155.54,-58.802,2014,5,16,12
155.55,-58.799,2014,5,16,13
155.55,-58.798,2014,5,16,14
155.55,-58.799,2014,5,16,15
155.55,-58.802,2014,5,16,16
155.55,-58.807,2014,5,16,17
155.56,-58.809,2014,5,16,18
155.57,-58.809,2014,5,16,19
155.59,-58.81,2014,5,16,20
155.61,-58.808,2014,5,16,21
155.63,-58.804,2014,5,16,22
155.64,-58.798,2014,5,16,23
155.65,-58.79,2014,5,17,0
155.66,-58.783,2014,5,17,1
155.67,-58.775,2014,5,17,2
155.67,-58.769,2014,5,17,3
155.68,-58.763,2014,5,17,4
155.69,-58.758,2014,5,17,5
155.7,-58.752,2014,5,17,6
155.71,-58.743,2014,5,17,7
155.73,-58.737,2014,5,17,8
155.75,-58.727,2014,5,17,9
155.76,-58.716,2014,5,17,10
155.77,-58.702,2014,5,17,11
155.77,-58.694,2014,5,17,12
155.77,-58.684,2014,5,17,13
155.77,-58.693,2014,5,17,14
155.77,-58.671,2014,5,17,15
155.78,-58.668,2014,5,17,16
155.78,-58.664,2014,5,17,17
155.78,-58.663,2014,5,17,18
155.79,-58.66,2014,5,17,19
155.8,-58.658,2014,5,17,20
155.82,-58.654,2014,5,17,21
155.83,-58.648,2014,5,17,22
155.84,-58.64,2014,5,17,23
155.85,-58.631,2014,5,18,0
155.85,-58.622,2014,5,18,1
155.85,-58.616,2014,5,18,2
155.85,-58.61,2014,5,18,3
155.86,-58.606,2014,5,18,4
155.85,-58.602,2014,5,18,5
155.85,-58.598,2014,5,18,6
155.85,-58.598,2014,5,18,7
155.86,-58.599,2014,5,18,8
155.86,-58.6,2014,5,18,9
155.87,-58.6,2014,5,18,10
155.88,-58.598,2014,5,18,11
155.89,-58.595,2014,5,18,12
155.91,-58.589,2014,5,18,13
155.92,-58.581,2014,5,18,14
155.93,-58.571,2014,5,18,15
155.93,-58.562,2014,5,18,16
155.93,-58.553,2014,5,18,17
155.93,-58.546,2014,5,18,18
155.93,-58.542,2014,5,18,19
155.92,-58.54,2014,5,18,20
155.92,-58.541,2014,5,18,21
155.93,-58.541,2014,5,18,22
155.94,-58.54,2014,5,18,23
155.95,-58.535,2014,5,19,0
155.97,-58.529,2014,5,19,1
155.97,-58.522,2014,5,19,2
155.98,-58.515,2014,5,19,3
155.99,-58.508,2014,5,19,4
155.99,-58.499,2014,5,19,5
156,-58.493,2014,5,19,6
155.99,-58.489,2014,5,19,7
155.99,-58.484,2014,5,19,8
155.99,-58.48,2014,5,19,9
155.99,-58.475,2014,5,19,10
155.99,-58.473,2014,5,19,11
155.99,-58.47,2014,5,19,12
156,-58.468,2014,5,19,13
156,-58.466,2014,5,19,14
156,-58.464,2014,5,19,15
156.01,-58.46,2014,5,19,16
156.02,-58.456,2014,5,19,17
156.02,-58.452,2014,5,19,18
156.03,-58.446,2014,5,19,19
156.03,-58.439,2014,5,19,20
156.04,-58.43,2014,5,19,21
156.03,-58.421,2014,5,19,22
156.03,-58.413,2014,5,19,23
156.02,-58.407,2014,5,20,0
156.01,-58.403,2014,5,20,1
156,-58.402,2014,5,20,2
156,-58.403,2014,5,20,3
156.01,-58.404,2014,5,20,4
156.03,-58.404,2014,5,20,5
156.04,-58.399,2014,5,20,6
156.06,-58.391,2014,5,20,7
156.07,-58.38,2014,5,20,8
156.08,-58.369,2014,5,20,9
156.08,-58.356,2014,5,20,10
156.08,-58.344,2014,5,20,11
156.07,-58.336,2014,5,20,12
156.06,-58.329,2014,5,20,13
156.05,-58.327,2014,5,20,14
156.04,-58.326,2014,5,20,15
156.04,-58.326,2014,5,20,16
156.04,-58.326,2014,5,20,17
156.04,-58.325,2014,5,20,18
156.05,-58.322,2014,5,20,19
156.06,-58.318,2014,5,20,20
156.06,-58.312,2014,5,20,21
156.07,-58.302,2014,5,20,22
156.07,-58.29,2014,5,20,23
156.07,-58.279,2014,5,21,0
156.06,-58.27,2014,5,21,1
156.05,-58.261,2014,5,21,2
156.04,-58.257,2014,5,21,3
156.04,-58.252,2014,5,21,4
156.04,-58.249,2014,5,21,5
156.04,-58.246,2014,5,21,6
156.04,-58.244,2014,5,21,7
156.05,-58.238,2014,5,21,8
156.05,-58.231,2014,5,21,9
156.05,-58.223,2014,5,21,10
156.06,-58.219,2014,5,21,11
156.06,-58.214,2014,5,21,12
156.06,-58.21,2014,5,21,13
156.07,-58.202,2014,5,21,14
156.07,-58.193,2014,5,21,15
156.08,-58.185,2014,5,21,16
156.08,-58.175,2014,5,21,17
156.09,-58.164,2014,5,21,18
156.09,-58.153,2014,5,21,19
156.08,-58.143,2014,5,21,20
156.07,-58.135,2014,5,21,21
156.06,-58.129,2014,5,21,22
156.06,-58.124,2014,5,21,23
156.05,-58.119,2014,5,22,0
156.05,-58.116,2014,5,22,1
156.05,-58.114,2014,5,22,2
156.06,-58.107,2014,5,22,3
156.07,-58.098,2014,5,22,4
156.07,-58.09,2014,5,22,5
156.07,-58.081,2014,5,22,6
156.06,-58.072,2014,5,22,7
156.06,-58.061,2014,5,22,8
156.04,-58.053,2014,5,22,9
156.04,-58.047,2014,5,22,10
156.03,-58.042,2014,5,22,11
156.02,-58.037,2014,5,22,12
156.02,-58.038,2014,5,22,13
156.01,-58.027,2014,5,22,14
156.01,-58.02,2014,5,22,15
156.01,-58.009,2014,5,22,16
156.01,-57.997,2014,5,22,17
156.01,-57.985,2014,5,22,18
156,-57.97,2014,5,22,19
155.99,-57.958,2014,5,22,20
155.99,-57.948,2014,5,22,21
155.98,-57.939,2014,5,22,22
155.98,-57.931,2014,5,22,23
155.97,-57.923,2014,5,23,0
155.97,-57.914,2014,5,23,1
155.98,-57.903,2014,5,23,2
155.99,-57.894,2014,5,23,3
155.99,-57.884,2014,5,23,4
155.99,-57.871,2014,5,23,5
155.99,-57.856,2014,5,23,6
155.98,-57.845,2014,5,23,7
155.97,-57.836,2014,5,23,8
155.97,-57.829,2014,5,23,9
155.97,-57.823,2014,5,23,10
155.97,-57.817,2014,5,23,11
155.97,-57.81,2014,5,23,12
155.98,-57.804,2014,5,23,13
155.99,-57.793,2014,5,23,14
156,-57.778,2014,5,23,15
156,-57.764,2014,5,23,16
156,-57.751,2014,5,23,17
155.99,-57.739,2014,5,23,18
155.98,-57.735,2014,5,23,19
155.97,-57.735,2014,5,23,20
155.98,-57.732,2014,5,23,21
155.99,-57.727,2014,5,23,22
156.01,-57.721,2014,5,23,23
156.03,-57.709,2014,5,24,0
156.04,-57.693,2014,5,24,1
156.05,-57.673,2014,5,24,2
156.04,-57.655,2014,5,24,3
156.03,-57.646,2014,5,24,4
156.01,-57.642,2014,5,24,5
156.01,-57.638,2014,5,24,6
156.01,-57.636,2014,5,24,7
156.01,-57.635,2014,5,24,8
156.02,-57.635,2014,5,24,9
156.04,-57.634,2014,5,24,10
156.07,-57.627,2014,5,24,11
156.1,-57.611,2014,5,24,12
156.12,-57.596,2014,5,24,13
156.13,-57.58,2014,5,24,14
156.13,-57.562,2014,5,24,15
156.12,-57.55,2014,5,24,16
156.12,-57.544,2014,5,24,17
156.12,-57.541,2014,5,24,18
156.12,-57.541,2014,5,24,19
156.14,-57.541,2014,5,24,20
156.16,-57.54,2014,5,24,21
156.19,-57.537,2014,5,24,22
156.22,-57.526,2014,5,24,23
156.24,-57.514,2014,5,25,0
156.26,-57.501,2014,5,25,1
156.27,-57.487,2014,5,25,2
156.27,-57.475,2014,5,25,3
156.27,-57.465,2014,5,25,4
156.28,-57.458,2014,5,25,5
156.28,-57.455,2014,5,25,6
156.28,-57.454,2014,5,25,7
156.29,-57.454,2014,5,25,8
156.31,-57.449,2014,5,25,9
156.33,-57.448,2014,5,25,10
156.35,-57.444,2014,5,25,11
156.37,-57.438,2014,5,25,12
156.39,-57.433,2014,5,25,13
156.4,-57.423,2014,5,25,14
156.41,-57.416,2014,5,25,15
156.42,-57.41,2014,5,25,16
156.43,-57.406,2014,5,25,17
156.44,-57.398,2014,5,25,18
156.45,-57.394,2014,5,25,19
156.46,-57.393,2014,5,25,20
156.47,-57.392,2014,5,25,21
156.49,-57.392,2014,5,25,22
156.51,-57.39,2014,5,25,23
156.52,-57.388,2014,5,26,0
156.54,-57.384,2014,5,26,1
156.56,-57.378,2014,5,26,2
156.57,-57.373,2014,5,26,3
156.58,-57.368,2014,5,26,4
156.59,-57.363,2014,5,26,5
156.6,-57.361,2014,5,26,6
156.6,-57.36,2014,5,26,7
156.61,-57.36,2014,5,26,8
156.62,-57.361,2014,5,26,9
156.63,-57.364,2014,5,26,10
156.65,-57.366,2014,5,26,11
156.66,-57.367,2014,5,26,12
156.68,-57.365,2014,5,26,13
156.69,-57.36,2014,5,26,14
156.7,-57.356,2014,5,26,15
156.71,-57.355,2014,5,26,16
156.72,-57.355,2014,5,26,17
156.72,-57.354,2014,5,26,18
156.72,-57.356,2014,5,26,19
156.73,-57.359,2014,5,26,20
156.74,-57.363,2014,5,26,21
156.75,-57.369,2014,5,26,22
156.77,-57.375,2014,5,26,23
156.79,-57.376,2014,5,27,0
156.81,-57.375,2014,5,27,1
156.82,-57.371,2014,5,27,2
156.82,-57.367,2014,5,27,3
156.82,-57.366,2014,5,27,4
156.82,-57.37,2014,5,27,5
156.82,-57.375,2014,5,27,6
156.82,-57.383,2014,5,27,7
156.83,-57.389,2014,5,27,8
156.84,-57.396,2014,5,27,9
156.85,-57.401,2014,5,27,10
156.86,-57.407,2014,5,27,11
156.87,-57.412,2014,5,27,12
156.89,-57.416,2014,5,27,13
156.9,-57.417,2014,5,27,14
156.91,-57.418,2014,5,27,15
156.91,-57.419,2014,5,27,16
156.91,-57.42,2014,5,27,17
156.91,-57.423,2014,5,27,18
156.9,-57.429,2014,5,27,19
156.9,-57.437,2014,5,27,20
156.91,-57.446,2014,5,27,21
156.92,-57.455,2014,5,27,22
156.93,-57.462,2014,5,27,23
156.94,-57.466,2014,5,28,0
156.95,-57.469,2014,5,28,1
156.96,-57.473,2014,5,28,2
156.97,-57.477,2014,5,28,3
156.97,-57.481,2014,5,28,4
156.96,-57.484,2014,5,28,5
156.96,-57.49,2014,5,28,6
156.95,-57.499,2014,5,28,7
156.94,-57.512,2014,5,28,8
156.95,-57.526,2014,5,28,9
156.96,-57.54,2014,5,28,10
156.97,-57.551,2014,5,28,11
156.98,-57.56,2014,5,28,12
156.99,-57.566,2014,5,28,13
157,-57.571,2014,5,28,14
157,-57.575,2014,5,28,15
157,-57.579,2014,5,28,16
156.99,-57.588,2014,5,28,17
156.98,-57.598,2014,5,28,18
156.97,-57.613,2014,5,28,19
156.96,-57.628,2014,5,28,20
156.96,-57.644,2014,5,28,21
156.96,-57.659,2014,5,28,22
156.97,-57.672,2014,5,28,23
156.98,-57.683,2014,5,29,0
156.99,-57.693,2014,5,29,1
157.01,-57.698,2014,5,29,2
157.01,-57.702,2014,5,29,3
157.02,-57.705,2014,5,29,4
157.02,-57.708,2014,5,29,5
157.03,-57.711,2014,5,29,6
157.03,-57.714,2014,5,29,7
157.02,-57.718,2014,5,29,8
157.02,-57.722,2014,5,29,9
157.02,-57.726,2014,5,29,10
157.01,-57.732,2014,5,29,11
157.01,-57.739,2014,5,29,12
157.01,-57.747,2014,5,29,13
157.02,-57.754,2014,5,29,14
157.03,-57.759,2014,5,29,15
157.04,-57.761,2014,5,29,16
157.04,-57.761,2014,5,29,17
157.04,-57.761,2014,5,29,18
157.04,-57.761,2014,5,29,19
157.04,-57.761,2014,5,29,20
157.04,-57.76,2014,5,29,21
157.03,-57.762,2014,5,29,22
157.03,-57.766,2014,5,29,23
157.02,-57.771,2014,5,30,0
157.02,-57.775,2014,5,30,1
157.02,-57.78,2014,5,30,2
157.02,-57.785,2014,5,30,3
157.03,-57.79,2014,5,30,4
157.03,-57.793,2014,5,30,5
157.03,-57.795,2014,5,30,6
157.03,-57.797,2014,5,30,7
157.03,-57.798,2014,5,30,8
157.03,-57.802,2014,5,30,9
157.02,-57.804,2014,5,30,10
157.02,-57.808,2014,5,30,11
157.03,-57.809,2014,5,30,12
157.03,-57.811,2014,5,30,13
157.02,-57.813,2014,5,30,14
157.02,-57.815,2014,5,30,15
157.01,-57.817,2014,5,30,16
157.01,-57.822,2014,5,30,17
157.01,-57.826,2014,5,30,18
157.01,-57.83,2014,5,30,19
157.01,-57.832,2014,5,30,20
157.01,-57.835,2014,5,30,21
157.01,-57.836,2014,5,30,22
157.02,-57.837,2014,5,30,23
157.02,-57.837,2014,5,31,0
157.02,-57.837,2014,5,31,1
157.02,-57.837,2014,5,31,2
157.01,-57.837,2014,5,31,3
157.01,-57.838,2014,5,31,4
157,-57.84,2014,5,31,5
156.99,-57.843,2014,5,31,6
156.99,-57.847,2014,5,31,7
156.99,-57.85,2014,5,31,8
156.99,-57.851,2014,5,31,9
157,-57.852,2014,5,31,10
156.99,-57.852,2014,5,31,11
156.99,-57.851,2014,5,31,12
156.98,-57.852,2014,5,31,13
156.98,-57.854,2014,5,31,14
156.98,-57.852,2014,5,31,15
156.98,-57.849,2014,5,31,16
156.98,-57.846,2014,5,31,17
156.97,-57.843,2014,5,31,18
156.95,-57.843,2014,5,31,19
156.94,-57.844,2014,5,31,20
156.94,-57.845,2014,5,31,21
156.93,-57.847,2014,5,31,22
156.93,-57.847,2014,5,31,23
156.92,-57.847,2014,6,1,0
156.92,-57.847,2014,6,1,1
156.91,-57.847,2014,6,1,2
156.91,-57.847,2014,6,1,3
156.91,-57.845,2014,6,1,4
156.91,-57.842,2014,6,1,5
156.9,-57.839,2014,6,1,6
156.9,-57.834,2014,6,1,7
156.89,-57.831,2014,6,1,8
156.88,-57.83,2014,6,1,9
156.87,-57.829,2014,6,1,10
156.86,-57.83,2014,6,1,11
156.85,-57.83,2014,6,1,12
156.85,-57.831,2014,6,1,13
156.85,-57.831,2014,6,1,14
156.84,-57.832,2014,6,1,15
156.84,-57.833,2014,6,1,16
156.84,-57.832,2014,6,1,17
156.84,-57.832,2014,6,1,18
156.84,-57.83,2014,6,1,19
156.85,-57.826,2014,6,1,20
156.85,-57.818,2014,6,1,21
156.85,-57.81,2014,6,1,22
156.84,-57.803,2014,6,1,23
156.83,-57.795,2014,6,2,0
156.82,-57.791,2014,6,2,1
156.81,-57.789,2014,6,2,2
156.79,-57.789,2014,6,2,3
156.79,-57.79,2014,6,2,4
156.79,-57.791,2014,6,2,5
156.79,-57.791,2014,6,2,6
156.8,-57.789,2014,6,2,7
156.81,-57.783,2014,6,2,8
156.82,-57.776,2014,6,2,9
156.82,-57.767,2014,6,2,10
156.82,-57.758,2014,6,2,11
156.82,-57.75,2014,6,2,12
156.81,-57.743,2014,6,2,13
156.81,-57.737,2014,6,2,14
156.81,-57.733,2014,6,2,15
156.8,-57.73,2014,6,2,16
156.79,-57.73,2014,6,2,17
156.8,-57.73,2014,6,2,18
156.81,-57.729,2014,6,2,19
156.81,-57.726,2014,6,2,20
156.82,-57.72,2014,6,2,21
156.83,-57.714,2014,6,2,22
156.84,-57.708,2014,6,2,23
156.84,-57.702,2014,6,3,0
156.84,-57.696,2014,6,3,1
156.84,-57.691,2014,6,3,2
156.84,-57.687,2014,6,3,3
156.84,-57.683,2014,6,3,4
156.84,-57.682,2014,6,3,5
156.83,-57.683,2014,6,3,6
156.83,-57.684,2014,6,3,7
156.83,-57.683,2014,6,3,8
156.83,-57.683,2014,6,3,9
156.83,-57.681,2014,6,3,10
156.83,-57.681,2014,6,3,11
156.83,-57.683,2014,6,3,12
156.84,-57.683,2014,6,3,13
156.84,-57.683,2014,6,3,14
156.84,-57.681,2014,6,3,15
156.84,-57.681,2014,6,3,16
156.84,-57.682,2014,6,3,17
156.85,-57.684,2014,6,3,18
156.85,-57.684,2014,6,3,19
156.86,-57.684,2014,6,3,20
156.86,-57.683,2014,6,3,21
156.86,-57.683,2014,6,3,22
156.86,-57.684,2014,6,3,23
156.86,-57.687,2014,6,4,0
156.86,-57.691,2014,6,4,1
156.86,-57.696,2014,6,4,2
156.87,-57.7,2014,6,4,3
156.89,-57.704,2014,6,4,4
156.9,-57.706,2014,6,4,5
156.92,-57.706,2014,6,4,6
156.93,-57.703,2014,6,4,7
156.95,-57.696,2014,6,4,8
156.95,-57.691,2014,6,4,9
156.95,-57.685,2014,6,4,10
156.95,-57.682,2014,6,4,11
156.94,-57.68,2014,6,4,12
156.93,-57.681,2014,6,4,13
156.92,-57.684,2014,6,4,14
156.91,-57.69,2014,6,4,15
156.91,-57.7,2014,6,4,16
156.91,-57.711,2014,6,4,17
156.92,-57.721,2014,6,4,18
156.93,-57.729,2014,6,4,19
156.95,-57.733,2014,6,4,20
156.96,-57.734,2014,6,4,21
156.97,-57.733,2014,6,4,22
156.98,-57.732,2014,6,4,23
156.98,-57.728,2014,6,5,0
156.98,-57.725,2014,6,5,1
156.97,-57.725,2014,6,5,2
156.96,-57.727,2014,6,5,3
156.94,-57.735,2014,6,5,4
156.94,-57.744,2014,6,5,5
156.94,-57.754,2014,6,5,6
156.94,-57.765,2014,6,5,7
156.95,-57.776,2014,6,5,8
156.97,-57.783,2014,6,5,9
156.99,-57.787,2014,6,5,10
157,-57.788,2014,6,5,11
157.01,-57.786,2014,6,5,12
157.02,-57.783,2014,6,5,13
157.02,-57.781,2014,6,5,14
157.01,-57.782,2014,6,5,15
157.01,-57.785,2014,6,5,16
157,-57.791,2014,6,5,17
157,-57.8,2014,6,5,18
157,-57.811,2014,6,5,19
157,-57.824,2014,6,5,20
157.02,-57.835,2014,6,5,21
157.04,-57.843,2014,6,5,22
157.06,-57.847,2014,6,5,23
157.08,-57.849,2014,6,6,0
157.09,-57.848,2014,6,6,1
157.1,-57.848,2014,6,6,2
157.1,-57.848,2014,6,6,3
157.11,-57.85,2014,6,6,4
157.1,-57.854,2014,6,6,5
157.1,-57.861,2014,6,6,6
157.11,-57.872,2014,6,6,7
157.11,-57.883,2014,6,6,8
157.12,-57.893,2014,6,6,9
157.13,-57.903,2014,6,6,10
157.15,-57.912,2014,6,6,11
157.17,-57.918,2014,6,6,12
157.19,-57.921,2014,6,6,13
157.21,-57.924,2014,6,6,14
157.22,-57.926,2014,6,6,15
157.23,-57.93,2014,6,6,16
157.24,-57.933,2014,6,6,17
157.25,-57.936,2014,6,6,18
157.25,-57.941,2014,6,6,19
157.25,-57.949,2014,6,6,20
157.25,-57.959,2014,6,6,21
157.27,-57.97,2014,6,6,22
157.28,-57.979,2014,6,6,23
157.29,-57.988,2014,6,7,0
157.31,-57.995,2014,6,7,1
157.32,-58.003,2014,6,7,2
157.33,-58.012,2014,6,7,3
157.35,-58.023,2014,6,7,4
157.36,-58.033,2014,6,7,5
157.38,-58.042,2014,6,7,6
157.4,-58.05,2014,6,7,7
157.41,-58.057,2014,6,7,8
157.43,-58.064,2014,6,7,9
157.44,-58.071,2014,6,7,10
157.45,-58.079,2014,6,7,11
157.45,-58.088,2014,6,7,12
157.47,-58.097,2014,6,7,13
157.47,-58.107,2014,6,7,14
157.48,-58.119,2014,6,7,15
157.5,-58.131,2014,6,7,16
157.52,-58.143,2014,6,7,17
157.54,-58.153,2014,6,7,18
157.56,-58.163,2014,6,7,19
157.58,-58.169,2014,6,7,20
157.6,-58.176,2014,6,7,21
157.62,-58.183,2014,6,7,22
157.64,-58.189,2014,6,7,23
157.65,-58.194,2014,6,8,0
157.67,-58.199,2014,6,8,1
157.67,-58.205,2014,6,8,2
157.69,-58.212,2014,6,8,3
157.7,-58.22,2014,6,8,4
157.71,-58.229,2014,6,8,5
157.72,-58.237,2014,6,8,6
157.74,-58.246,2014,6,8,7
157.75,-58.256,2014,6,8,8
157.77,-58.265,2014,6,8,9
157.78,-58.273,2014,6,8,10
157.81,-58.281,2014,6,8,11
157.83,-58.288,2014,6,8,12
157.85,-58.293,2014,6,8,13
157.87,-58.296,2014,6,8,14
157.88,-58.299,2014,6,8,15
157.89,-58.302,2014,6,8,16
157.9,-58.307,2014,6,8,17
157.91,-58.313,2014,6,8,18
157.92,-58.32,2014,6,8,19
157.93,-58.33,2014,6,8,20
157.94,-58.339,2014,6,8,21
157.96,-58.348,2014,6,8,22
157.98,-58.357,2014,6,8,23
158,-58.365,2014,6,9,0
158.02,-58.369,2014,6,9,1
158.04,-58.373,2014,6,9,2
158.06,-58.377,2014,6,9,3
158.07,-58.379,2014,6,9,4
158.09,-58.379,2014,6,9,5
158.1,-58.38,2014,6,9,6
158.1,-58.384,2014,6,9,7
158.11,-58.39,2014,6,9,8
158.11,-58.396,2014,6,9,9
158.12,-58.402,2014,6,9,10
158.14,-58.408,2014,6,9,11
158.15,-58.413,2014,6,9,12
158.16,-58.419,2014,6,9,13
158.17,-58.425,2014,6,9,14
158.19,-58.43,2014,6,9,15
158.2,-58.432,2014,6,9,16
158.22,-58.433,2014,6,9,17
158.23,-58.435,2014,6,9,18
158.24,-58.437,2014,6,9,19
158.25,-58.438,2014,6,9,20
158.26,-58.439,2014,6,9,21
158.26,-58.439,2014,6,9,22
158.26,-58.44,2014,6,9,23
158.26,-58.442,2014,6,10,0
158.26,-58.448,2014,6,10,1
158.27,-58.455,2014,6,10,2
158.28,-58.461,2014,6,10,3
158.3,-58.468,2014,6,10,4
158.31,-58.472,2014,6,10,5
158.32,-58.477,2014,6,10,6
158.34,-58.479,2014,6,10,7
158.36,-58.477,2014,6,10,8
158.37,-58.474,2014,6,10,9
158.37,-58.471,2014,6,10,10
158.38,-58.469,2014,6,10,11
158.38,-58.468,2014,6,10,12
158.38,-58.469,2014,6,10,13
158.37,-58.473,2014,6,10,14
158.37,-58.478,2014,6,10,15
158.37,-58.486,2014,6,10,16
158.38,-58.493,2014,6,10,17
158.39,-58.502,2014,6,10,18
158.41,-58.509,2014,6,10,19
158.43,-58.513,2014,6,10,20
158.45,-58.515,2014,6,10,21
158.47,-58.511,2014,6,10,22
158.49,-58.507,2014,6,10,23
158.49,-58.502,2014,6,11,0
158.5,-58.499,2014,6,11,1
158.49,-58.499,2014,6,11,2
158.49,-58.503,2014,6,11,3
158.49,-58.511,2014,6,11,4
158.49,-58.521,2014,6,11,5
158.49,-58.532,2014,6,11,6
158.51,-58.544,2014,6,11,7
158.53,-58.554,2014,6,11,8
158.55,-58.562,2014,6,11,9
158.58,-58.566,2014,6,11,10
158.6,-58.567,2014,6,11,11
158.62,-58.567,2014,6,11,12
158.62,-58.567,2014,6,11,13
158.63,-58.568,2014,6,11,14
158.64,-58.571,2014,6,11,15
158.64,-58.575,2014,6,11,16
158.64,-58.581,2014,6,11,17
158.65,-58.587,2014,6,11,18
158.66,-58.595,2014,6,11,19
158.67,-58.604,2014,6,11,20
158.69,-58.612,2014,6,11,21
158.71,-58.617,2014,6,11,22
158.73,-58.619,2014,6,11,23
158.75,-58.619,2014,6,12,0
158.76,-58.619,2014,6,12,1
158.77,-58.619,2014,6,12,2
158.77,-58.622,2014,6,12,3
158.78,-58.625,2014,6,12,4
158.78,-58.63,2014,6,12,5
158.79,-58.635,2014,6,12,6
158.8,-58.641,2014,6,12,7
158.81,-58.645,2014,6,12,8
158.82,-58.646,2014,6,12,9
158.84,-58.646,2014,6,12,10
158.85,-58.646,2014,6,12,11
158.86,-58.643,2014,6,12,12
158.87,-58.64,2014,6,12,13
158.87,-58.639,2014,6,12,14
158.87,-58.638,2014,6,12,15
158.88,-58.638,2014,6,12,16
158.88,-58.641,2014,6,12,17
158.88,-58.645,2014,6,12,18
158.89,-58.65,2014,6,12,19
158.9,-58.656,2014,6,12,20
158.92,-58.661,2014,6,12,21
158.93,-58.665,2014,6,12,22
158.95,-58.667,2014,6,12,23
158.97,-58.669,2014,6,13,0
158.99,-58.67,2014,6,13,1
159,-58.671,2014,6,13,2
159.01,-58.673,2014,6,13,3
159.02,-58.675,2014,6,13,4
159.03,-58.677,2014,6,13,5
159.03,-58.679,2014,6,13,6
159.04,-58.684,2014,6,13,7
159.05,-58.692,2014,6,13,8
159.06,-58.7,2014,6,13,9
159.08,-58.706,2014,6,13,10
159.09,-58.713,2014,6,13,11
159.11,-58.719,2014,6,13,12
159.13,-58.724,2014,6,13,13
159.15,-58.727,2014,6,13,14
159.17,-58.729,2014,6,13,15
159.18,-58.731,2014,6,13,16
159.19,-58.734,2014,6,13,17
159.2,-58.74,2014,6,13,18
159.2,-58.75,2014,6,13,19
159.21,-58.76,2014,6,13,20
159.22,-58.773,2014,6,13,21
159.24,-58.786,2014,6,13,22
159.26,-58.797,2014,6,13,23
159.3,-58.804,2014,6,14,0
159.34,-58.805,2014,6,14,1
159.36,-58.802,2014,6,14,2
159.38,-58.795,2014,6,14,3
159.4,-58.787,2014,6,14,4
159.4,-58.781,2014,6,14,5
159.4,-58.775,2014,6,14,6
159.39,-58.772,2014,6,14,7
159.39,-58.774,2014,6,14,8
159.38,-58.78,2014,6,14,9
159.37,-58.791,2014,6,14,10
159.37,-58.802,2014,6,14,11
159.38,-58.813,2014,6,14,12
159.4,-58.823,2014,6,14,13
159.42,-58.829,2014,6,14,14
159.44,-58.831,2014,6,14,15
159.46,-58.829,2014,6,14,16
159.48,-58.824,2014,6,14,17
159.49,-58.816,2014,6,14,18
159.49,-58.809,2014,6,14,19
159.49,-58.803,2014,6,14,20
159.48,-58.8,2014,6,14,21
159.47,-58.801,2014,6,14,22
159.46,-58.805,2014,6,14,23
159.45,-58.813,2014,6,15,0
159.45,-58.824,2014,6,15,1
159.46,-58.834,2014,6,15,2
159.48,-58.843,2014,6,15,3
159.5,-58.85,2014,6,15,4
159.53,-58.85,2014,6,15,5
159.56,-58.847,2014,6,15,6
159.58,-58.84,2014,6,15,7
159.6,-58.828,2014,6,15,8
159.61,-58.815,2014,6,15,9
159.61,-58.803,2014,6,15,10
159.6,-58.793,2014,6,15,11
159.59,-58.786,2014,6,15,12
159.58,-58.783,2014,6,15,13
159.57,-58.784,2014,6,15,14
159.57,-58.789,2014,6,15,15
159.58,-58.794,2014,6,15,16
159.59,-58.797,2014,6,15,17
159.62,-58.799,2014,6,15,18
159.64,-58.794,2014,6,15,19
159.67,-58.785,2014,6,15,20
159.69,-58.77,2014,6,15,21
159.71,-58.754,2014,6,15,22
159.71,-58.737,2014,6,15,23
159.71,-58.723,2014,6,16,0
159.71,-58.712,2014,6,16,1
159.69,-58.706,2014,6,16,2
159.69,-58.705,2014,6,16,3
159.69,-58.708,2014,6,16,4
159.69,-58.716,2014,6,16,5
159.71,-58.722,2014,6,16,6
159.74,-58.726,2014,6,16,7
159.77,-58.725,2014,6,16,8
159.81,-58.72,2014,6,16,9
159.84,-58.711,2014,6,16,10
159.87,-58.699,2014,6,16,11
159.89,-58.687,2014,6,16,12
159.9,-58.673,2014,6,16,13
159.91,-58.658,2014,6,16,14
159.92,-58.644,2014,6,16,15
159.92,-58.635,2014,6,16,16
159.92,-58.628,2014,6,16,17
159.92,-58.625,2014,6,16,18
159.93,-58.625,2014,6,16,19
159.95,-58.625,2014,6,16,20
159.98,-58.625,2014,6,16,22
160.01,-58.62,2014,6,16,23
160.04,-58.614,2014,6,17,0
160.07,-58.604,2014,6,17,1
160.09,-58.59,2014,6,17,2
160.11,-58.576,2014,6,17,3
160.12,-58.561,2014,6,17,4
160.12,-58.545,2014,6,17,5
160.12,-58.535,2014,6,17,6
160.12,-58.529,2014,6,17,7
160.13,-58.526,2014,6,17,8
160.15,-58.525,2014,6,17,9
160.16,-58.524,2014,6,17,10
160.18,-58.521,2014,6,17,11
160.21,-58.516,2014,6,17,12
160.23,-58.507,2014,6,17,13
160.26,-58.496,2014,6,17,14
160.28,-58.483,2014,6,17,15
160.3,-58.467,2014,6,17,16
160.32,-58.453,2014,6,17,17
160.33,-58.441,2014,6,17,18
160.34,-58.428,2014,6,17,19
160.36,-58.418,2014,6,17,20
160.38,-58.41,2014,6,17,21
160.4,-58.4,2014,6,17,22
160.41,-58.39,2014,6,18,0
160.44,-58.38,2014,6,18,1
160.46,-58.369,2014,6,18,2
160.49,-58.357,2014,6,18,3
160.51,-58.346,2014,6,18,4
160.54,-58.334,2014,6,18,5
160.56,-58.322,2014,6,18,6
160.59,-58.311,2014,6,18,7
160.62,-58.299,2014,6,18,8
160.64,-58.286,2014,6,18,9
160.67,-58.272,2014,6,18,10
160.7,-58.256,2014,6,18,11
160.72,-58.243,2014,6,18,12
160.74,-58.23,2014,6,18,13
160.75,-58.219,2014,6,18,14
160.77,-58.207,2014,6,18,15
160.79,-58.196,2014,6,18,16
160.81,-58.188,2014,6,18,17
160.83,-58.181,2014,6,18,18
160.85,-58.174,2014,6,18,19
160.88,-58.164,2014,6,18,20
160.9,-58.151,2014,6,18,21
160.93,-58.136,2014,6,18,22
160.95,-58.12,2014,6,18,23
160.96,-58.105,2014,6,19,0
160.97,-58.09,2014,6,19,1
160.98,-58.077,2014,6,19,2
160.99,-58.066,2014,6,19,3
161,-58.058,2014,6,19,4
161.01,-58.05,2014,6,19,5
161.03,-58.042,2014,6,19,6
161.04,-58.036,2014,6,19,7
161.06,-58.028,2014,6,19,8
161.08,-58.018,2014,6,19,9
161.1,-58.008,2014,6,19,10
161.12,-58,2014,6,19,11
161.14,-57.99,2014,6,19,12
161.15,-57.98,2014,6,19,13
161.17,-57.971,2014,6,19,14
161.18,-57.96,2014,6,19,15
161.2,-57.95,2014,6,19,16
161.21,-57.941,2014,6,19,17
161.22,-57.929,2014,6,19,18
161.23,-57.921,2014,6,19,19
161.24,-57.914,2014,6,19,20
161.24,-57.908,2014,6,19,21
161.25,-57.903,2014,6,19,22
161.26,-57.899,2014,6,19,23
161.28,-57.893,2014,6,20,0
161.29,-57.886,2014,6,20,1
161.31,-57.877,2014,6,20,2
161.32,-57.867,2014,6,20,3
161.33,-57.859,2014,6,20,4
161.34,-57.85,2014,6,20,5
161.36,-57.843,2014,6,20,6
161.37,-57.838,2014,6,20,7
161.38,-57.834,2014,6,20,8
161.39,-57.829,2014,6,20,9
161.41,-57.826,2014,6,20,10
161.42,-57.826,2014,6,20,11
161.44,-57.825,2014,6,20,12
161.45,-57.826,2014,6,20,13
161.47,-57.826,2014,6,20,14
161.49,-57.824,2014,6,20,15
161.5,-57.821,2014,6,20,16
161.52,-57.819,2014,6,20,17
161.53,-57.814,2014,6,20,18
161.54,-57.807,2014,6,20,19
161.55,-57.8,2014,6,20,20
161.56,-57.795,2014,6,20,21
161.57,-57.792,2014,6,20,22
161.57,-57.79,2014,6,20,23
161.58,-57.789,2014,6,21,0
161.6,-57.788,2014,6,21,1
161.62,-57.786,2014,6,21,2
161.63,-57.782,2014,6,21,3
161.66,-57.775,2014,6,21,4
161.67,-57.766,2014,6,21,5
161.68,-57.757,2014,6,21,6
161.69,-57.75,2014,6,21,7
161.7,-57.746,2014,6,21,8
161.71,-57.748,2014,6,21,9
161.72,-57.752,2014,6,21,10
161.73,-57.754,2014,6,21,11
161.75,-57.755,2014,6,21,12
161.76,-57.755,2014,6,21,13
161.78,-57.753,2014,6,21,14
161.8,-57.747,2014,6,21,15
161.81,-57.743,2014,6,21,16
161.82,-57.738,2014,6,21,17
161.83,-57.733,2014,6,21,18
161.84,-57.729,2014,6,21,19
161.85,-57.724,2014,6,21,20
161.87,-57.72,2014,6,21,21
161.88,-57.71,2014,6,21,22
161.9,-57.7,2014,6,22,0
161.92,-57.687,2014,6,22,1
161.94,-57.671,2014,6,22,2
161.95,-57.657,2014,6,22,3
161.95,-57.643,2014,6,22,4
161.96,-57.63,2014,6,22,5
161.96,-57.62,2014,6,22,6
161.97,-57.61,2014,6,22,7
161.98,-57.601,2014,6,22,8
161.99,-57.591,2014,6,22,9
162.01,-57.579,2014,6,22,10
162.02,-57.569,2014,6,22,11
162.04,-57.555,2014,6,22,12
162.06,-57.548,2014,6,22,13
162.08,-57.536,2014,6,22,14
162.1,-57.523,2014,6,22,15
162.13,-57.506,2014,6,22,16
162.16,-57.489,2014,6,22,17
162.18,-57.467,2014,6,22,18
162.2,-57.445,2014,6,22,19
162.21,-57.423,2014,6,22,20
162.21,-57.403,2014,6,22,21
162.22,-57.386,2014,6,22,22
162.23,-57.373,2014,6,22,23
162.24,-57.361,2014,6,23,0
162.25,-57.355,2014,6,23,1
162.29,-57.344,2014,6,23,2
162.32,-57.328,2014,6,23,3
162.34,-57.308,2014,6,23,4
162.37,-57.288,2014,6,23,5
162.38,-57.269,2014,6,23,6
162.39,-57.252,2014,6,23,7
162.4,-57.241,2014,6,23,8
162.42,-57.216,2014,6,23,9
162.44,-57.2,2014,6,23,10
162.46,-57.187,2014,6,23,11
162.47,-57.176,2014,6,23,12
162.5,-57.168,2014,6,23,13
162.53,-57.158,2014,6,23,14
162.56,-57.148,2014,6,23,15
162.59,-57.136,2014,6,23,16
162.61,-57.123,2014,6,23,17
162.64,-57.111,2014,6,23,18
162.66,-57.099,2014,6,23,19
162.68,-57.091,2014,6,23,20
162.7,-57.084,2014,6,23,21
162.72,-57.079,2014,6,23,22
162.73,-57.077,2014,6,23,23
162.74,-57.081,2014,6,24,0
162.76,-57.087,2014,6,24,1
162.79,-57.093,2014,6,24,2
162.82,-57.098,2014,6,24,3
162.85,-57.099,2014,6,24,4
162.86,-57.101,2014,6,24,5
162.87,-57.107,2014,6,24,6
162.88,-57.116,2014,6,24,7
162.89,-57.129,2014,6,24,8
162.9,-57.142,2014,6,24,9
162.91,-57.156,2014,6,24,10
162.93,-57.17,2014,6,24,11
162.93,-57.184,2014,6,24,12
162.94,-57.199,2014,6,24,13
162.94,-57.216,2014,6,24,14
162.95,-57.232,2014,6,24,15
162.96,-57.248,2014,6,24,16
162.96,-57.264,2014,6,24,17
162.95,-57.28,2014,6,24,18
162.94,-57.298,2014,6,24,19
162.93,-57.319,2014,6,24,20
162.91,-57.341,2014,6,24,21
162.91,-57.365,2014,6,24,22
162.89,-57.386,2014,6,24,23
162.88,-57.406,2014,6,25,0
162.87,-57.422,2014,6,25,1
162.86,-57.437,2014,6,25,2
162.84,-57.453,2014,6,25,3
162.82,-57.466,2014,6,25,4
162.79,-57.481,2014,6,25,5
162.77,-57.497,2014,6,25,6
162.74,-57.512,2014,6,25,7
162.71,-57.527,2014,6,25,8
162.68,-57.541,2014,6,25,9
162.65,-57.557,2014,6,25,10
162.63,-57.574,2014,6,25,11
162.61,-57.589,2014,6,25,12
162.59,-57.602,2014,6,25,13
162.57,-57.615,2014,6,25,14
162.55,-57.629,2014,6,25,15
162.53,-57.641,2014,6,25,16
162.5,-57.655,2014,6,25,17
162.49,-57.668,2014,6,25,18
162.47,-57.681,2014,6,25,19
162.45,-57.693,2014,6,25,20
162.43,-57.706,2014,6,25,21
162.42,-57.719,2014,6,25,22
162.41,-57.732,2014,6,25,23
162.41,-57.742,2014,6,26,0
162.4,-57.753,2014,6,26,1
162.38,-57.762,2014,6,26,2
162.37,-57.769,2014,6,26,3
162.35,-57.78,2014,6,26,4
162.32,-57.794,2014,6,26,5
162.3,-57.812,2014,6,26,6
162.29,-57.831,2014,6,26,7
162.29,-57.85,2014,6,26,8
162.29,-57.866,2014,6,26,9
162.28,-57.879,2014,6,26,10
162.28,-57.891,2014,6,26,11
162.28,-57.904,2014,6,26,12
162.27,-57.916,2014,6,26,13
162.26,-57.929,2014,6,26,14
162.25,-57.943,2014,6,26,15
162.25,-57.958,2014,6,26,16
162.24,-57.974,2014,6,26,17
162.24,-57.99,2014,6,26,18
162.24,-58.005,2014,6,26,19
162.24,-58.02,2014,6,26,20
162.24,-58.034,2014,6,26,21
162.23,-58.049,2014,6,26,22
162.24,-58.064,2014,6,26,23
162.24,-58.081,2014,6,27,0
162.25,-58.095,2014,6,27,1
162.26,-58.108,2014,6,27,2
162.28,-58.121,2014,6,27,3
162.29,-58.13,2014,6,27,4
162.3,-58.136,2014,6,27,5
162.31,-58.14,2014,6,27,6
162.31,-58.145,2014,6,27,7
162.31,-58.152,2014,6,27,8
162.31,-58.16,2014,6,27,9
162.32,-58.169,2014,6,27,10
162.32,-58.181,2014,6,27,11
162.32,-58.194,2014,6,27,12
162.33,-58.209,2014,6,27,13
162.34,-58.224,2014,6,27,14
162.36,-58.239,2014,6,27,15
162.38,-58.253,2014,6,27,16
162.4,-58.264,2014,6,27,17
162.43,-58.273,2014,6,27,18
162.45,-58.28,2014,6,27,19
162.46,-58.285,2014,6,27,20
162.48,-58.29,2014,6,27,21
162.49,-58.296,2014,6,27,22
162.5,-58.304,2014,6,27,23
162.5,-58.316,2014,6,28,0
162.51,-58.327,2014,6,28,1
162.52,-58.342,2014,6,28,2
162.53,-58.357,2014,6,28,3
162.55,-58.372,2014,6,28,4
162.57,-58.386,2014,6,28,5
162.59,-58.399,2014,6,28,6
162.62,-58.41,2014,6,28,7
162.64,-58.418,2014,6,28,8
162.66,-58.425,2014,6,28,9
162.67,-58.43,2014,6,28,10
162.68,-58.436,2014,6,28,11
162.7,-58.444,2014,6,28,12
162.71,-58.452,2014,6,28,13
162.73,-58.46,2014,6,28,14
162.75,-58.468,2014,6,28,15
162.77,-58.475,2014,6,28,16
162.79,-58.479,2014,6,28,17
162.8,-58.484,2014,6,28,18
162.82,-58.492,2014,6,28,19
162.83,-58.502,2014,6,28,20
162.85,-58.513,2014,6,28,21
162.87,-58.524,2014,6,28,22
162.9,-58.532,2014,6,28,23
162.92,-58.546,2014,6,29,0
162.95,-58.556,2014,6,29,1
162.99,-58.565,2014,6,29,2
163.02,-58.571,2014,6,29,3
163.05,-58.574,2014,6,29,4
163.08,-58.578,2014,6,29,5
163.1,-58.582,2014,6,29,6
163.13,-58.589,2014,6,29,7
163.15,-58.598,2014,6,29,8
163.17,-58.609,2014,6,29,9
163.2,-58.621,2014,6,29,10
163.24,-58.631,2014,6,29,11
163.28,-58.642,2014,6,29,12
163.32,-58.651,2014,6,29,13
163.36,-58.657,2014,6,29,14
163.4,-58.663,2014,6,29,15
163.44,-58.668,2014,6,29,16
163.47,-58.675,2014,6,29,17
163.5,-58.681,2014,6,29,18
163.53,-58.688,2014,6,29,19
163.57,-58.696,2014,6,29,20
163.6,-58.707,2014,6,29,21
163.64,-58.716,2014,6,29,22
163.67,-58.726,2014,6,29,23
163.7,-58.736,2014,6,30,0
163.73,-58.746,2014,6,30,1
163.76,-58.756,2014,6,30,2
163.79,-58.767,2014,6,30,3
163.83,-58.776,2014,6,30,4
163.87,-58.782,2014,6,30,5
163.9,-58.787,2014,6,30,6
163.92,-58.795,2014,6,30,7
163.95,-58.802,2014,6,30,8
163.98,-58.81,2014,6,30,9
164,-58.814,2014,6,30,10
164.03,-58.817,2014,6,30,11
164.05,-58.818,2014,6,30,12
164.08,-58.821,2014,6,30,13
164.11,-58.825,2014,6,30,14
164.13,-58.823,2014,6,30,15
164.16,-58.823,2014,6,30,16
164.18,-58.824,2014,6,30,17
164.21,-58.824,2014,6,30,18
164.24,-58.825,2014,6,30,19
164.27,-58.821,2014,6,30,20
164.29,-58.819,2014,6,30,21
164.31,-58.816,2014,6,30,22
164.34,-58.815,2014,6,30,23
164.35,-58.815,2014,7,1,0
164.37,-58.813,2014,7,1,1
164.39,-58.812,2014,7,1,2
164.41,-58.812,2014,7,1,3
164.42,-58.814,2014,7,1,4
164.44,-58.818,2014,7,1,5
164.46,-58.824,2014,7,1,6
164.48,-58.829,2014,7,1,7
164.5,-58.833,2014,7,1,8
164.53,-58.837,2014,7,1,9
164.55,-58.839,2014,7,1,10
164.57,-58.84,2014,7,1,11
164.6,-58.839,2014,7,1,12
164.61,-58.838,2014,7,1,13
164.62,-58.838,2014,7,1,14
164.62,-58.841,2014,7,1,15
164.63,-58.846,2014,7,1,16
164.64,-58.853,2014,7,1,17
164.66,-58.859,2014,7,1,18
164.67,-58.867,2014,7,1,19
164.69,-58.875,2014,7,1,20
164.7,-58.88,2014,7,1,22
164.72,-58.884,2014,7,1,23
164.74,-58.888,2014,7,2,0
164.75,-58.892,2014,7,2,1
164.76,-58.895,2014,7,2,2
164.78,-58.897,2014,7,2,3
164.79,-58.901,2014,7,2,4
164.8,-58.905,2014,7,2,5
164.81,-58.909,2014,7,2,6
164.81,-58.916,2014,7,2,7
164.82,-58.924,2014,7,2,8
164.82,-58.935,2014,7,2,9
164.82,-58.947,2014,7,2,10
164.83,-58.959,2014,7,2,11
164.83,-58.971,2014,7,2,12
164.84,-58.982,2014,7,2,13
164.84,-58.992,2014,7,2,14
164.84,-59,2014,7,2,15
164.84,-59.008,2014,7,2,16
164.83,-59.018,2014,7,2,17
164.83,-59.029,2014,7,2,18
164.82,-59.04,2014,7,2,19
164.82,-59.052,2014,7,2,20
164.81,-59.066,2014,7,2,21
164.81,-59.078,2014,7,2,22
164.81,-59.09,2014,7,3,0
164.82,-59.102,2014,7,3,1
164.82,-59.113,2014,7,3,2
164.82,-59.125,2014,7,3,3
164.82,-59.135,2014,7,3,4
164.81,-59.146,2014,7,3,5
164.8,-59.157,2014,7,3,6
164.8,-59.169,2014,7,3,7
164.79,-59.181,2014,7,3,8
164.8,-59.192,2014,7,3,9
164.81,-59.201,2014,7,3,10
164.81,-59.207,2014,7,3,11
164.82,-59.212,2014,7,3,12
164.82,-59.216,2014,7,3,13
164.82,-59.221,2014,7,3,14
164.81,-59.226,2014,7,3,15
164.81,-59.232,2014,7,3,16
164.8,-59.24,2014,7,3,17
164.79,-59.251,2014,7,3,18
164.78,-59.265,2014,7,3,19
164.78,-59.278,2014,7,3,20
164.78,-59.292,2014,7,3,21
164.79,-59.307,2014,7,3,22
164.8,-59.317,2014,7,3,23
164.81,-59.328,2014,7,4,0
164.82,-59.337,2014,7,4,1
164.83,-59.344,2014,7,4,2
164.83,-59.352,2014,7,4,3
164.83,-59.361,2014,7,4,4
164.83,-59.369,2014,7,4,5
164.83,-59.378,2014,7,4,6
164.83,-59.387,2014,7,4,7
164.83,-59.396,2014,7,4,8
164.84,-59.405,2014,7,4,9
164.84,-59.415,2014,7,4,10
164.85,-59.427,2014,7,4,11
164.86,-59.44,2014,7,4,12
164.87,-59.452,2014,7,4,13
164.88,-59.462,2014,7,4,14
164.9,-59.47,2014,7,4,15
164.91,-59.477,2014,7,4,16
164.92,-59.481,2014,7,4,17
164.93,-59.484,2014,7,4,18
164.94,-59.488,2014,7,4,19
164.94,-59.493,2014,7,4,20
164.95,-59.498,2014,7,4,21
164.96,-59.504,2014,7,4,22
164.96,-59.514,2014,7,4,23
164.98,-59.524,2014,7,5,0
165,-59.536,2014,7,5,1
165.02,-59.548,2014,7,5,2
165.04,-59.561,2014,7,5,3
165.06,-59.576,2014,7,5,4
165.08,-59.595,2014,7,5,5
165.1,-59.614,2014,7,5,6
165.11,-59.634,2014,7,5,7
165.13,-59.653,2014,7,5,8
165.15,-59.67,2014,7,5,9
165.16,-59.685,2014,7,5,10
165.18,-59.7,2014,7,5,11
165.19,-59.714,2014,7,5,12
165.21,-59.73,2014,7,5,13
165.22,-59.745,2014,7,5,14
165.24,-59.759,2014,7,5,15
165.26,-59.773,2014,7,5,16
165.27,-59.787,2014,7,5,17
165.29,-59.802,2014,7,5,18
165.31,-59.815,2014,7,5,19
165.33,-59.829,2014,7,5,20
165.35,-59.843,2014,7,5,21
165.38,-59.857,2014,7,5,22
165.4,-59.87,2014,7,5,23
165.43,-59.882,2014,7,6,0
165.46,-59.893,2014,7,6,1
165.48,-59.905,2014,7,6,2
165.5,-59.916,2014,7,6,3
165.53,-59.928,2014,7,6,4
165.55,-59.939,2014,7,6,5
165.57,-59.951,2014,7,6,6
165.6,-59.962,2014,7,6,7
165.62,-59.974,2014,7,6,8
165.65,-59.987,2014,7,6,9
165.68,-60,2014,7,6,10
165.71,-60.011,2014,7,6,11
165.75,-60.021,2014,7,6,12
165.78,-60.03,2014,7,6,13
165.81,-60.04,2014,7,6,14
165.85,-60.049,2014,7,6,15
165.89,-60.057,2014,7,6,16
165.92,-60.065,2014,7,6,17
165.96,-60.073,2014,7,6,18
165.99,-60.081,2014,7,6,19
166.02,-60.095,2014,7,6,20
166.05,-60.106,2014,7,6,21
166.09,-60.12,2014,7,6,22
166.13,-60.133,2014,7,6,23
166.19,-60.142,2014,7,7,0
166.23,-60.145,2014,7,7,1
166.28,-60.143,2014,7,7,2
166.32,-60.138,2014,7,7,3
166.36,-60.13,2014,7,7,4
166.39,-60.121,2014,7,7,5
166.42,-60.115,2014,7,7,6
166.44,-60.111,2014,7,7,7
166.46,-60.111,2014,7,7,8
166.49,-60.09,2014,7,7,9
166.5,-60.116,2014,7,7,10
166.53,-60.121,2014,7,7,11
166.57,-60.125,2014,7,7,12
166.62,-60.125,2014,7,7,13
166.67,-60.122,2014,7,7,14
166.73,-60.115,2014,7,7,15
166.78,-60.105,2014,7,7,16
166.83,-60.091,2014,7,7,17
166.87,-60.075,2014,7,7,18
166.9,-60.059,2014,7,7,19
166.93,-60.044,2014,7,7,20
166.96,-60.032,2014,7,7,21
166.98,-60.023,2014,7,7,22
167.01,-60.016,2014,7,7,23
167.05,-60.01,2014,7,8,0
167.09,-60.003,2014,7,8,1
167.14,-59.996,2014,7,8,2
167.19,-59.986,2014,7,8,3
167.24,-59.976,2014,7,8,4
167.29,-59.966,2014,7,8,5
167.34,-59.956,2014,7,8,6
167.38,-59.949,2014,7,8,7
167.41,-59.945,2014,7,8,8
167.44,-59.942,2014,7,8,9
167.47,-59.941,2014,7,8,10
167.5,-59.943,2014,7,8,11
167.53,-59.949,2014,7,8,12
167.57,-59.955,2014,7,8,13
167.61,-59.962,2014,7,8,14
167.65,-59.968,2014,7,8,15
167.7,-59.971,2014,7,8,16
167.75,-59.972,2014,7,8,17
167.79,-59.972,2014,7,8,18
167.83,-59.972,2014,7,8,19
167.87,-59.974,2014,7,8,20
167.91,-59.977,2014,7,8,21
167.95,-59.982,2014,7,8,22
167.99,-59.989,2014,7,8,23
168.02,-59.999,2014,7,9,0
168.07,-60.014,2014,7,9,1
168.11,-60.03,2014,7,9,2
168.16,-60.046,2014,7,9,3
168.2,-60.064,2014,7,9,4
168.25,-60.082,2014,7,9,5
168.29,-60.1,2014,7,9,6
168.34,-60.113,2014,7,9,7
168.38,-60.125,2014,7,9,8
168.43,-60.138,2014,7,9,9
168.48,-60.149,2014,7,9,10
168.52,-60.159,2014,7,9,11
168.56,-60.171,2014,7,9,12
168.6,-60.184,2014,7,9,13
168.65,-60.198,2014,7,9,14
168.69,-60.212,2014,7,9,15
168.73,-60.228,2014,7,9,16
168.77,-60.243,2014,7,9,17
168.82,-60.256,2014,7,9,18
168.87,-60.268,2014,7,9,19
168.91,-60.278,2014,7,9,20
168.96,-60.287,2014,7,9,21
169.01,-60.296,2014,7,9,22
169.05,-60.304,2014,7,9,23
169.09,-60.31,2014,7,10,0
169.13,-60.318,2014,7,10,1
169.16,-60.324,2014,7,10,2
169.2,-60.332,2014,7,10,3
169.24,-60.341,2014,7,10,4
169.28,-60.349,2014,7,10,5
169.32,-60.358,2014,7,10,6
169.35,-60.367,2014,7,10,7
169.4,-60.373,2014,7,10,8
169.44,-60.376,2014,7,10,9
169.49,-60.377,2014,7,10,10
169.53,-60.376,2014,7,10,11
169.57,-60.373,2014,7,10,12
169.6,-60.371,2014,7,10,13
169.63,-60.369,2014,7,10,14
169.67,-60.367,2014,7,10,15
169.7,-60.366,2014,7,10,16
169.73,-60.365,2014,7,10,17
169.77,-60.364,2014,7,10,18
169.8,-60.364,2014,7,10,19
169.84,-60.362,2014,7,10,20
169.87,-60.36,2014,7,10,21
169.9,-60.356,2014,7,10,22
169.94,-60.352,2014,7,11,0
169.97,-60.347,2014,7,11,1
170,-60.34,2014,7,11,2
170.04,-60.333,2014,7,11,3
170.08,-60.323,2014,7,11,4
170.12,-60.315,2014,7,11,5
170.16,-60.306,2014,7,11,6
170.19,-60.297,2014,7,11,7
170.22,-60.288,2014,7,11,8
170.25,-60.281,2014,7,11,9
170.28,-60.275,2014,7,11,10
170.31,-60.269,2014,7,11,11
170.34,-60.266,2014,7,11,12
170.38,-60.264,2014,7,11,13
170.41,-60.262,2014,7,11,14
170.45,-60.259,2014,7,11,15
170.5,-60.257,2014,7,11,16
170.55,-60.254,2014,7,11,17
170.59,-60.247,2014,7,11,18
170.63,-60.237,2014,7,11,19
170.66,-60.226,2014,7,11,20
170.69,-60.215,2014,7,11,21
170.71,-60.207,2014,7,11,22
170.73,-60.201,2014,7,11,23
170.75,-60.199,2014,7,12,0
170.78,-60.198,2014,7,12,1
170.81,-60.199,2014,7,12,2
170.84,-60.2,2014,7,12,3
170.88,-60.199,2014,7,12,4
170.93,-60.195,2014,7,12,5
170.97,-60.19,2014,7,12,6
171,-60.184,2014,7,12,7
171.03,-60.176,2014,7,12,8
171.06,-60.169,2014,7,12,9
171.08,-60.161,2014,7,12,10
171.1,-60.156,2014,7,12,11
171.12,-60.152,2014,7,12,12
171.14,-60.15,2014,7,12,13
171.16,-60.148,2014,7,12,14
171.18,-60.148,2014,7,12,15
171.2,-60.148,2014,7,12,16
171.23,-60.148,2014,7,12,17
171.26,-60.145,2014,7,12,18
171.28,-60.14,2014,7,12,19
171.31,-60.135,2014,7,12,20
171.34,-60.13,2014,7,12,21
171.36,-60.124,2014,7,12,22
171.38,-60.117,2014,7,12,23
171.4,-60.111,2014,7,13,0
171.42,-60.107,2014,7,13,1
171.43,-60.102,2014,7,13,2
171.44,-60.098,2014,7,13,3
171.46,-60.097,2014,7,13,4
171.47,-60.096,2014,7,13,5
171.49,-60.096,2014,7,13,6
171.51,-60.096,2014,7,13,7
171.54,-60.095,2014,7,13,8
171.56,-60.092,2014,7,13,9
171.59,-60.085,2014,7,13,10
171.62,-60.076,2014,7,13,11
171.64,-60.064,2014,7,13,12
171.65,-60.054,2014,7,13,13
171.66,-60.048,2014,7,13,14
171.68,-60.042,2014,7,13,15
171.69,-60.035,2014,7,13,16
171.69,-60.031,2014,7,13,17
171.7,-60.03,2014,7,13,18
171.71,-60.032,2014,7,13,19
171.74,-60.033,2014,7,13,20
171.76,-60.031,2014,7,13,21
171.79,-60.029,2014,7,13,22
171.81,-60.025,2014,7,13,23
171.84,-60.022,2014,7,14,0
171.86,-60.016,2014,7,14,1
171.88,-60.011,2014,7,14,2
171.89,-60.006,2014,7,14,3
171.91,-60.002,2014,7,14,4
171.93,-60,2014,7,14,5
171.94,-59.998,2014,7,14,6
171.99,-59.995,2014,7,14,7
172.01,-59.994,2014,7,14,8
172.04,-59.991,2014,7,14,9
172.07,-59.987,2014,7,14,10
172.09,-59.981,2014,7,14,11
172.12,-59.976,2014,7,14,12
172.15,-59.967,2014,7,14,13
172.18,-59.953,2014,7,14,14
172.2,-59.939,2014,7,14,15
172.22,-59.927,2014,7,14,16
172.23,-59.917,2014,7,14,17
172.24,-59.908,2014,7,14,18
172.25,-59.904,2014,7,14,19
172.26,-59.903,2014,7,14,20
172.27,-59.906,2014,7,14,21
172.29,-59.907,2014,7,14,23
172.32,-59.908,2014,7,15,0
172.35,-59.909,2014,7,15,1
172.38,-59.91,2014,7,15,2
172.41,-59.908,2014,7,15,3
172.44,-59.903,2014,7,15,4
172.47,-59.896,2014,7,15,5
172.5,-59.889,2014,7,15,6
172.52,-59.882,2014,7,15,7
172.53,-59.878,2014,7,15,8
172.53,-59.878,2014,7,15,9
172.54,-59.882,2014,7,15,10
172.56,-59.888,2014,7,15,11
172.58,-59.895,2014,7,15,12
172.6,-59.901,2014,7,15,13
172.62,-59.908,2014,7,15,14
172.65,-59.914,2014,7,15,15
172.68,-59.918,2014,7,15,16
172.71,-59.92,2014,7,15,17
172.74,-59.919,2014,7,15,18
172.77,-59.923,2014,7,15,19
172.79,-59.914,2014,7,15,20
172.81,-59.911,2014,7,15,21
172.82,-59.909,2014,7,15,22
172.82,-59.911,2014,7,15,23
172.84,-59.916,2014,7,16,0
172.85,-59.923,2014,7,16,1
172.86,-59.931,2014,7,16,2
172.88,-59.94,2014,7,16,3
172.91,-59.949,2014,7,16,4
172.94,-59.958,2014,7,16,5
172.97,-59.962,2014,7,16,6
173,-59.964,2014,7,16,7
173.03,-59.963,2014,7,16,8
173.06,-59.959,2014,7,16,9
173.09,-59.957,2014,7,16,10
173.11,-59.953,2014,7,16,11
173.12,-59.951,2014,7,16,12
173.13,-59.95,2014,7,16,13
173.14,-59.952,2014,7,16,14
173.14,-59.958,2014,7,16,15
173.16,-59.965,2014,7,16,16
173.17,-59.974,2014,7,16,17
173.19,-59.983,2014,7,16,18
173.22,-59.989,2014,7,16,19
173.25,-59.993,2014,7,16,20
173.27,-59.995,2014,7,16,21
173.3,-59.993,2014,7,16,22
173.33,-59.989,2014,7,16,23
173.34,-59.985,2014,7,17,0
173.35,-59.981,2014,7,17,1
173.35,-59.979,2014,7,17,2
173.35,-59.981,2014,7,17,3
173.35,-59.985,2014,7,17,4
173.36,-59.992,2014,7,17,5
173.37,-59.998,2014,7,17,6
173.39,-60.005,2014,7,17,7
173.41,-60.009,2014,7,17,8
173.43,-60.013,2014,7,17,9
173.46,-60.014,2014,7,17,10
173.49,-60.011,2014,7,17,11
173.51,-60.007,2014,7,17,12
173.52,-60,2014,7,17,13
173.53,-59.996,2014,7,17,14
173.54,-59.992,2014,7,17,15
173.54,-59.992,2014,7,17,16
173.54,-59.994,2014,7,17,17
173.55,-59.999,2014,7,17,18
173.56,-60.005,2014,7,17,19
173.57,-60.01,2014,7,17,20
173.59,-60.014,2014,7,17,21
173.61,-60.018,2014,7,17,22
173.63,-60.02,2014,7,17,23
173.66,-60.02,2014,7,18,0
173.68,-60.018,2014,7,18,1
173.7,-60.015,2014,7,18,2
173.71,-60.011,2014,7,18,3
173.72,-60.008,2014,7,18,4
173.73,-60.008,2014,7,18,5
173.73,-60.009,2014,7,18,6
173.74,-60.01,2014,7,18,7
173.75,-60.014,2014,7,18,8
173.75,-60.02,2014,7,18,9
173.77,-60.027,2014,7,18,10
173.79,-60.035,2014,7,18,11
173.82,-60.039,2014,7,18,12
173.86,-60.04,2014,7,18,13
173.89,-60.037,2014,7,18,14
173.91,-60.032,2014,7,18,15
173.94,-60.025,2014,7,18,16
173.95,-60.018,2014,7,18,17
173.96,-60.012,2014,7,18,18
173.97,-60.008,2014,7,18,19
173.97,-60.007,2014,7,18,20
173.97,-60.009,2014,7,18,21
173.98,-60.012,2014,7,18,22
173.99,-60.014,2014,7,18,23
174,-60.016,2014,7,19,0
174.02,-60.019,2014,7,19,1
174.03,-60.02,2014,7,19,2
174.05,-60.02,2014,7,19,3
174.07,-60.018,2014,7,19,4
174.08,-60.015,2014,7,19,5
174.1,-60.011,2014,7,19,6
174.1,-60.007,2014,7,19,7
174.11,-60.004,2014,7,19,8
174.11,-60,2014,7,19,9
174.11,-59.999,2014,7,19,10
174.12,-60,2014,7,19,11
174.12,-60.001,2014,7,19,12
174.13,-60.002,2014,7,19,13
174.14,-60.003,2014,7,19,14
174.15,-60.004,2014,7,19,15
174.15,-60.004,2014,7,19,16
174.16,-60.005,2014,7,19,17
174.16,-60.006,2014,7,19,18
174.17,-60.008,2014,7,19,19
174.17,-60.009,2014,7,19,20
174.17,-60.01,2014,7,19,21
174.17,-60.011,2014,7,19,22
174.18,-60.013,2014,7,19,23
174.18,-60.016,2014,7,20,0
174.19,-60.018,2014,7,20,1
174.19,-60.022,2014,7,20,2
174.21,-60.025,2014,7,20,3
174.22,-60.027,2014,7,20,4
174.23,-60.028,2014,7,20,5
174.24,-60.028,2014,7,20,6
174.25,-60.027,2014,7,20,7
174.25,-60.026,2014,7,20,8
174.26,-60.026,2014,7,20,9
174.26,-60.026,2014,7,20,10
174.27,-60.028,2014,7,20,11
174.27,-60.031,2014,7,20,12
174.28,-60.035,2014,7,20,13
174.29,-60.04,2014,7,20,14
174.3,-60.045,2014,7,20,15
174.31,-60.05,2014,7,20,16
174.32,-60.054,2014,7,20,17
174.33,-60.058,2014,7,20,18
174.33,-60.061,2014,7,20,19
174.34,-60.065,2014,7,20,20
174.34,-60.07,2014,7,20,21
174.35,-60.075,2014,7,20,22
174.36,-60.078,2014,7,20,23
174.37,-60.083,2014,7,21,0
174.37,-60.087,2014,7,21,1
174.38,-60.093,2014,7,21,2
174.39,-60.1,2014,7,21,3
174.41,-60.106,2014,7,21,4
174.42,-60.11,2014,7,21,5
174.44,-60.113,2014,7,21,6
174.45,-60.116,2014,7,21,7
174.46,-60.118,2014,7,21,8
174.48,-60.119,2014,7,21,9
174.49,-60.118,2014,7,21,10
174.5,-60.117,2014,7,21,11
174.51,-60.114,2014,7,21,12
174.52,-60.11,2014,7,21,13
174.53,-60.108,2014,7,21,14
174.54,-60.106,2014,7,21,15
174.54,-60.104,2014,7,21,16
174.54,-60.104,2014,7,21,17
174.55,-60.108,2014,7,21,18
174.56,-60.112,2014,7,21,19
174.57,-60.117,2014,7,21,20
174.58,-60.123,2014,7,21,21
174.59,-60.128,2014,7,21,22
174.61,-60.132,2014,7,21,23
174.62,-60.135,2014,7,22,0
174.63,-60.137,2014,7,22,1
174.64,-60.137,2014,7,22,2
174.64,-60.138,2014,7,22,3
174.65,-60.14,2014,7,22,4
174.65,-60.142,2014,7,22,5
174.65,-60.146,2014,7,22,6
174.65,-60.151,2014,7,22,7
174.65,-60.157,2014,7,22,8
174.66,-60.165,2014,7,22,9
174.66,-60.173,2014,7,22,10
174.67,-60.18,2014,7,22,11
174.69,-60.186,2014,7,22,12
174.71,-60.191,2014,7,22,13
174.72,-60.194,2014,7,22,14
174.74,-60.195,2014,7,22,15
174.75,-60.195,2014,7,22,16
174.77,-60.195,2014,7,22,17
174.78,-60.193,2014,7,22,18
174.78,-60.192,2014,7,22,19
174.79,-60.192,2014,7,22,20
174.79,-60.194,2014,7,22,21
174.8,-60.194,2014,7,22,22
174.8,-60.195,2014,7,22,23
174.81,-60.196,2014,7,23,0
174.81,-60.198,2014,7,23,1
174.81,-60.201,2014,7,23,2
174.8,-60.204,2014,7,23,3
174.8,-60.208,2014,7,23,4
174.81,-60.214,2014,7,23,5
174.81,-60.221,2014,7,23,6
174.81,-60.23,2014,7,23,7
174.82,-60.237,2014,7,23,8
174.84,-60.244,2014,7,23,9
174.85,-60.249,2014,7,23,10
174.86,-60.251,2014,7,23,11
174.87,-60.252,2014,7,23,12
174.88,-60.253,2014,7,23,13
174.89,-60.251,2014,7,23,14
174.89,-60.248,2014,7,23,15
174.88,-60.246,2014,7,23,16
174.88,-60.245,2014,7,23,17
174.87,-60.246,2014,7,23,18
174.87,-60.251,2014,7,23,19
174.86,-60.255,2014,7,23,20
174.86,-60.262,2014,7,23,21
174.86,-60.269,2014,7,23,22
174.86,-60.276,2014,7,23,23
174.86,-60.284,2014,7,24,0
174.87,-60.29,2014,7,24,1
174.89,-60.294,2014,7,24,2
174.9,-60.295,2014,7,24,3
174.91,-60.295,2014,7,24,4
174.91,-60.294,2014,7,24,5
174.91,-60.293,2014,7,24,6
174.91,-60.291,2014,7,24,7
174.91,-60.291,2014,7,24,8
174.9,-60.292,2014,7,24,9
174.89,-60.296,2014,7,24,10
174.89,-60.303,2014,7,24,11
174.88,-60.312,2014,7,24,12
174.88,-60.323,2014,7,24,13
174.9,-60.33,2014,7,24,14
174.91,-60.336,2014,7,24,15
174.92,-60.338,2014,7,24,16
174.94,-60.338,2014,7,24,17
174.95,-60.335,2014,7,24,18
174.95,-60.332,2014,7,24,19
174.95,-60.33,2014,7,24,20
174.94,-60.329,2014,7,24,21
174.93,-60.33,2014,7,24,22
174.92,-60.334,2014,7,24,23
174.92,-60.34,2014,7,25,0
174.92,-60.35,2014,7,25,1
174.92,-60.36,2014,7,25,2
174.93,-60.369,2014,7,25,3
174.94,-60.376,2014,7,25,4
174.95,-60.382,2014,7,25,5
174.97,-60.386,2014,7,25,6
174.98,-60.389,2014,7,25,7
175,-60.39,2014,7,25,8
175,-60.391,2014,7,25,9
175.01,-60.393,2014,7,25,10
175.01,-60.397,2014,7,25,11
175.01,-60.4,2014,7,25,12
175.01,-60.406,2014,7,25,13
175.01,-60.413,2014,7,25,14
175.03,-60.42,2014,7,25,15
175.04,-60.427,2014,7,25,16
175.05,-60.433,2014,7,25,17
175.06,-60.438,2014,7,25,18
175.08,-60.443,2014,7,25,19
175.1,-60.446,2014,7,25,20
175.12,-60.448,2014,7,25,21
175.13,-60.448,2014,7,25,22
175.15,-60.447,2014,7,25,23
175.16,-60.449,2014,7,26,0
175.17,-60.449,2014,7,26,1
175.17,-60.45,2014,7,26,2
175.18,-60.452,2014,7,26,3
175.18,-60.455,2014,7,26,4
175.19,-60.461,2014,7,26,5
175.2,-60.463,2014,7,26,6
175.21,-60.464,2014,7,26,7
175.22,-60.467,2014,7,26,8
175.24,-60.469,2014,7,26,9
175.25,-60.47,2014,7,26,10
175.28,-60.469,2014,7,26,11
175.29,-60.466,2014,7,26,12
175.31,-60.461,2014,7,26,13
175.33,-60.453,2014,7,26,14
175.34,-60.444,2014,7,26,15
175.35,-60.435,2014,7,26,16
175.35,-60.429,2014,7,26,17
175.34,-60.426,2014,7,26,18
175.34,-60.424,2014,7,26,19
175.34,-60.426,2014,7,26,20
175.34,-60.431,2014,7,26,21
175.34,-60.437,2014,7,26,22
175.35,-60.446,2014,7,26,23
175.37,-60.453,2014,7,27,0
175.39,-60.46,2014,7,27,1
175.42,-60.463,2014,7,27,2
175.45,-60.46,2014,7,27,3
175.48,-60.452,2014,7,27,4
175.5,-60.441,2014,7,27,5
175.52,-60.429,2014,7,27,6
175.53,-60.414,2014,7,27,7
175.54,-60.403,2014,7,27,8
175.54,-60.393,2014,7,27,9
175.54,-60.388,2014,7,27,10
175.55,-60.386,2014,7,27,11
175.56,-60.387,2014,7,27,12
175.57,-60.389,2014,7,27,13
175.59,-60.39,2014,7,27,14
175.61,-60.392,2014,7,27,15
175.63,-60.393,2014,7,27,16
175.65,-60.393,2014,7,27,17
175.66,-60.39,2014,7,27,18
175.68,-60.387,2014,7,27,19
175.69,-60.386,2014,7,27,20
175.7,-60.385,2014,7,27,21
175.71,-60.386,2014,7,27,22
175.72,-60.387,2014,7,27,23
175.74,-60.388,2014,7,28,0
175.75,-60.39,2014,7,28,1
175.77,-60.392,2014,7,28,2
175.79,-60.394,2014,7,28,3
175.81,-60.396,2014,7,28,4
175.83,-60.397,2014,7,28,5
175.85,-60.397,2014,7,28,6
175.87,-60.4,2014,7,28,7
175.88,-60.403,2014,7,28,8
175.9,-60.407,2014,7,28,9
175.92,-60.409,2014,7,28,10
175.94,-60.411,2014,7,28,11
175.95,-60.421,2014,7,28,12
175.97,-60.414,2014,7,28,13
175.98,-60.414,2014,7,28,14
175.99,-60.415,2014,7,28,15
176,-60.415,2014,7,28,16
176.01,-60.412,2014,7,28,17
176.01,-60.409,2014,7,28,18
176.03,-60.406,2014,7,28,19
176.03,-60.403,2014,7,28,20
176.04,-60.4,2014,7,28,21
176.06,-60.397,2014,7,28,22
176.07,-60.394,2014,7,28,23
176.09,-60.391,2014,7,29,0
176.1,-60.385,2014,7,29,1
176.11,-60.381,2014,7,29,2
176.12,-60.375,2014,7,29,3
176.13,-60.37,2014,7,29,4
176.14,-60.365,2014,7,29,5
176.14,-60.362,2014,7,29,6
176.15,-60.36,2014,7,29,7
176.16,-60.36,2014,7,29,8
176.17,-60.359,2014,7,29,9
176.19,-60.358,2014,7,29,10
176.21,-60.357,2014,7,29,11
176.23,-60.353,2014,7,29,12
176.24,-60.346,2014,7,29,13
176.26,-60.338,2014,7,29,14
176.28,-60.33,2014,7,29,15
176.29,-60.32,2014,7,29,16
176.3,-60.311,2014,7,29,17
176.31,-60.302,2014,7,29,18
176.31,-60.293,2014,7,29,19
176.32,-60.287,2014,7,29,20
176.32,-60.282,2014,7,29,21
176.34,-60.278,2014,7,29,22
176.35,-60.274,2014,7,29,23
176.37,-60.269,2014,7,30,0
176.39,-60.261,2014,7,30,1
176.41,-60.253,2014,7,30,2
176.42,-60.242,2014,7,30,3
176.44,-60.23,2014,7,30,4
176.44,-60.217,2014,7,30,5
176.45,-60.206,2014,7,30,6
176.45,-60.194,2014,7,30,7
176.45,-60.183,2014,7,30,8
176.45,-60.174,2014,7,30,9
176.45,-60.167,2014,7,30,10
176.46,-60.161,2014,7,30,11
176.46,-60.156,2014,7,30,12
176.47,-60.151,2014,7,30,13
176.49,-60.146,2014,7,30,14
176.5,-60.139,2014,7,30,15
176.52,-60.129,2014,7,30,16
176.54,-60.122,2014,7,30,17
176.55,-60.107,2014,7,30,18
176.56,-60.096,2014,7,30,19
176.56,-60.083,2014,7,30,20
176.57,-60.072,2014,7,30,21
176.57,-60.064,2014,7,30,22
176.57,-60.057,2014,7,30,23
176.58,-60.053,2014,7,31,0
176.59,-60.048,2014,7,31,1
176.6,-60.045,2014,7,31,2
176.61,-60.041,2014,7,31,3
176.62,-60.037,2014,7,31,4
176.64,-60.032,2014,7,31,5
176.65,-60.025,2014,7,31,6
176.66,-60.016,2014,7,31,7
176.68,-60.007,2014,7,31,8
176.69,-59.998,2014,7,31,9
176.69,-59.99,2014,7,31,10
176.69,-59.982,2014,7,31,11
176.7,-59.975,2014,7,31,12
176.7,-59.969,2014,7,31,13
176.7,-59.965,2014,7,31,14
176.71,-59.963,2014,7,31,15
176.72,-59.961,2014,7,31,16
176.73,-59.96,2014,7,31,17
176.74,-59.956,2014,7,31,18
176.76,-59.952,2014,7,31,19
176.77,-59.946,2014,7,31,20
176.78,-59.941,2014,7,31,21
176.8,-59.933,2014,7,31,22
176.81,-59.927,2014,7,31,23
